id,Mcg,Gvh,Alm,Mit,Erl,Pox,Vac,Nuc,Class
0,0.64,0.62,0.49,0.15,0.5,0.0,0.53,0.22, negative
1,0.58,0.44,0.57,0.13,0.5,0.0,0.54,0.22, negative
2,0.42,0.44,0.48,0.54,0.5,0.0,0.48,0.22, negative
3,0.51,0.4,0.56,0.17,0.5,0.5,0.49,0.22, negative
4,0.5,0.54,0.48,0.65,0.5,0.0,0.53,0.22, negative
5,0.48,0.45,0.59,0.2,0.5,0.0,0.58,0.34, negative
6,0.55,0.5,0.66,0.36,0.5,0.0,0.49,0.22, negative
7,0.4,0.39,0.6,0.15,0.5,0.0,0.58,0.3, negative
8,0.42,0.37,0.59,0.2,0.5,0.0,0.52,0.29, negative
9,0.4,0.42,0.57,0.35,0.5,0.0,0.53,0.25, negative
10,0.66,0.55,0.45,0.19,0.5,0.0,0.46,0.22, negative
11,0.46,0.44,0.52,0.11,0.5,0.0,0.5,0.22, negative
12,0.47,0.39,0.5,0.11,0.5,0.0,0.49,0.4, negative
13,0.58,0.47,0.54,0.11,0.5,0.0,0.51,0.26, negative
14,0.5,0.34,0.55,0.21,0.5,0.0,0.49,0.22, negative
15,0.61,0.6,0.55,0.21,0.5,0.0,0.5,0.25, negative
16,0.45,0.4,0.5,0.16,0.5,0.0,0.5,0.22, negative
17,0.43,0.44,0.48,0.22,0.5,0.0,0.51,0.22, negative
18,0.73,0.63,0.42,0.3,0.5,0.0,0.49,0.22, negative
19,0.43,0.53,0.52,0.13,0.5,0.0,0.55,0.22, negative
20,0.46,0.53,0.52,0.15,0.5,0.0,0.58,0.22, negative
21,0.51,0.51,0.52,0.51,0.5,0.0,0.54,0.22, negative
22,0.59,0.45,0.53,0.19,0.5,0.0,0.59,0.27, negative
23,0.53,0.54,0.43,0.1,0.5,0.0,0.57,0.32, negative
24,0.51,0.51,0.43,0.87,0.5,0.0,0.52,0.22, negative
25,0.38,0.61,0.61,0.12,0.5,0.0,0.53,0.47, negative
26,0.33,0.55,0.51,0.43,0.5,0.0,0.51,0.22, negative
27,0.78,0.74,0.42,0.26,0.5,0.0,0.43,0.22, negative
28,0.59,0.53,0.43,0.44,0.5,0.0,0.5,0.22, negative
29,0.57,0.53,0.53,0.34,0.5,0.0,0.53,0.22, negative
30,0.86,0.68,0.39,0.24,0.5,0.0,0.54,0.22, negative
31,0.41,0.54,0.39,0.2,0.5,0.0,0.51,0.22, positive
32,0.53,0.31,0.58,0.39,0.5,0.0,0.47,0.37, negative
33,0.74,0.75,0.58,0.47,0.5,0.0,0.4,0.35, negative
34,0.49,0.39,0.52,0.29,0.5,0.0,0.48,0.22, negative
35,0.74,0.57,0.51,0.28,0.5,0.0,0.58,0.22, negative
36,0.42,0.24,0.34,0.16,0.5,0.0,0.5,0.22, positive
37,0.48,0.39,0.51,0.21,0.5,0.0,0.52,0.28, negative
38,0.41,0.53,0.45,0.14,0.5,0.0,0.52,0.66, positive
39,0.45,0.46,0.55,0.43,0.5,0.0,0.55,0.38, negative
40,0.56,0.48,0.58,0.27,0.5,0.0,0.51,0.22, negative
41,0.64,0.59,0.56,0.23,0.5,0.0,0.46,0.22, negative
42,0.64,0.56,0.56,0.22,0.5,0.0,0.45,0.22, negative
43,0.66,0.62,0.49,0.1,0.5,0.0,0.49,0.22, negative
44,0.53,0.44,0.51,0.33,0.5,0.0,0.55,0.22, negative
45,0.38,0.49,0.53,0.19,0.5,0.0,0.5,0.22, negative
46,0.43,0.35,0.52,0.52,0.5,0.0,0.54,0.22, negative
47,0.37,0.32,0.47,0.18,0.5,0.0,0.45,0.25, negative
48,0.48,0.43,0.51,0.32,0.5,0.0,0.52,0.43, negative
49,0.6,0.47,0.45,0.22,0.5,0.0,0.51,0.29, negative
50,0.34,0.46,0.57,0.09,0.5,0.0,0.55,0.22, negative
51,0.48,0.54,0.55,0.12,0.5,0.0,0.51,0.22, negative
52,0.47,0.39,0.59,0.15,0.5,0.0,0.57,0.22, negative
53,0.48,0.42,0.52,0.24,0.5,0.0,0.56,0.22, negative
54,0.58,0.51,0.49,0.27,0.5,0.0,0.57,0.29, negative
55,0.6,0.5,0.44,0.61,0.5,0.0,0.47,0.22, negative
56,0.45,0.55,0.54,0.66,0.5,0.0,0.47,0.22, negative
57,0.46,0.49,0.58,0.23,0.5,0.0,0.44,0.22, negative
58,0.5,0.54,0.53,0.54,0.5,0.0,0.51,0.27, negative
59,0.63,0.57,0.59,0.4,0.5,0.0,0.38,0.22, negative
60,0.43,0.57,0.51,0.49,0.5,0.0,0.48,0.22, negative
61,0.48,0.45,0.55,0.5,0.5,0.0,0.53,0.22, negative
62,0.51,0.54,0.6,0.57,0.5,0.0,0.58,0.22, negative
63,0.54,0.52,0.63,0.37,0.5,0.0,0.46,0.22, negative
64,0.28,0.58,0.21,0.13,0.5,0.0,0.51,0.22, positive
65,0.39,0.44,0.35,0.16,0.5,0.0,0.55,0.22, positive
66,0.8,0.63,0.45,0.29,0.5,0.0,0.51,0.22, negative
67,0.5,0.52,0.59,0.3,0.5,0.0,0.51,0.35, negative
68,0.36,0.46,0.62,0.46,0.5,0.0,0.51,0.33, negative
69,0.46,0.38,0.47,0.22,0.5,0.0,0.52,0.27, negative
70,0.4,0.45,0.56,0.2,0.5,0.0,0.45,0.22, negative
71,0.49,0.61,0.49,0.25,0.5,0.0,0.5,0.28, negative
72,0.38,0.5,0.37,0.26,0.5,0.0,0.43,0.22, positive
73,0.69,0.7,0.52,0.36,0.5,0.0,0.46,0.22, negative
74,0.78,0.75,0.4,0.28,0.5,0.0,0.53,0.22, negative
75,0.64,0.57,0.57,0.27,0.5,0.0,0.37,0.22, negative
76,0.36,0.58,0.35,0.24,0.5,0.0,0.44,0.22, positive
77,0.36,0.43,0.39,0.12,0.5,0.0,0.49,0.22, positive
78,0.47,0.52,0.5,0.4,0.5,0.0,0.41,0.22, negative
79,0.48,0.23,0.57,0.27,0.5,0.0,0.48,0.47, negative
80,0.47,0.39,0.55,0.24,0.5,0.0,0.47,0.22, negative
81,0.44,0.59,0.36,0.16,0.5,0.0,0.52,0.22, positive
82,0.3,0.56,0.55,0.18,0.5,0.0,0.5,0.22, negative
83,0.65,0.65,0.52,0.16,0.5,0.0,0.6,0.22, negative
84,0.27,0.6,0.48,0.23,0.5,0.0,0.55,0.22, negative
85,0.45,0.41,0.5,0.46,0.5,0.5,0.5,0.27, negative
86,0.44,0.52,0.41,0.23,0.5,0.0,0.51,0.22, negative
87,0.3,0.32,0.57,0.19,0.5,0.0,0.48,0.55, negative
88,0.4,0.44,0.49,0.47,0.5,0.0,0.49,0.27, negative
89,0.45,0.51,0.5,0.16,0.5,0.0,0.52,1.0, negative
90,0.45,0.45,0.5,0.6,0.5,0.0,0.49,0.22, negative
91,0.59,0.67,0.56,0.41,0.5,0.0,0.47,0.22, negative
92,0.47,0.47,0.57,0.48,0.5,0.0,0.48,0.22, negative
93,0.35,0.52,0.48,0.22,0.5,0.0,0.26,0.22, negative
94,0.47,0.41,0.66,0.26,0.5,0.0,0.53,0.22, negative
95,0.64,0.62,0.29,0.28,0.5,0.0,0.51,0.22, negative
96,0.59,0.6,0.49,0.43,0.5,0.0,0.53,0.31, negative
97,0.54,0.55,0.34,0.31,0.5,0.0,0.54,0.22, positive
98,0.58,0.62,0.54,0.17,0.5,0.0,0.48,0.22, negative
99,0.4,0.38,0.53,0.16,0.5,0.0,0.52,0.27, negative
100,0.46,0.71,0.48,0.53,0.5,0.0,0.53,0.22, negative
101,0.53,0.51,0.55,0.05,0.5,0.0,0.45,0.25, negative
102,0.41,0.4,0.59,0.47,0.5,0.0,0.48,0.43, negative
103,0.5,0.64,0.57,0.15,0.5,0.0,0.47,0.22, negative
104,0.4,0.62,0.52,0.31,0.5,0.0,0.49,0.31, negative
105,0.6,0.5,0.57,0.25,0.5,0.0,0.41,0.26, negative
106,0.62,0.51,0.52,0.42,0.5,0.0,0.54,0.27, negative
107,0.34,0.54,0.5,0.21,0.5,0.0,0.54,0.31, negative
108,0.39,0.58,0.5,0.26,0.5,0.0,0.54,0.59, positive
109,0.29,0.32,0.58,0.15,0.5,0.0,0.5,0.3, negative
110,0.47,0.32,0.64,0.3,0.5,0.0,0.63,0.22, negative
111,0.39,0.47,0.56,0.16,0.5,0.0,0.47,0.22, negative
112,0.58,0.48,0.51,0.47,0.5,0.0,0.55,0.22, negative
113,0.64,0.6,0.57,0.19,0.5,0.0,0.43,0.22, negative
114,0.37,0.46,0.4,0.27,0.5,0.0,0.45,0.22, negative
115,0.43,0.57,0.53,0.16,0.5,0.0,0.54,0.22, negative
116,0.28,0.37,0.61,0.09,0.5,0.0,0.52,0.55, negative
117,0.59,0.48,0.5,0.14,0.5,0.0,0.45,0.25, negative
118,0.39,0.55,0.48,0.31,0.5,0.0,0.54,0.29, negative
119,0.26,0.36,0.47,0.34,0.5,0.0,0.53,0.72, negative
120,0.51,0.34,0.5,0.19,0.5,0.0,0.5,0.22, negative
121,0.58,0.5,0.5,0.12,0.5,0.0,0.48,0.25, negative
122,0.44,0.39,0.53,0.14,0.5,0.0,0.54,0.44, negative
123,0.41,0.39,0.44,0.34,0.5,0.0,0.48,0.4, negative
124,0.45,0.43,0.51,0.24,0.5,0.0,0.54,0.33, negative
125,0.36,0.68,0.46,0.16,0.5,0.0,0.53,0.28, negative
126,0.42,0.31,0.5,0.15,0.5,0.0,0.53,0.22, negative
127,0.67,0.71,0.52,0.65,0.5,0.0,0.53,0.36, negative
128,0.4,0.42,0.71,0.21,0.5,0.0,0.54,0.32, negative
129,0.54,0.49,0.49,0.2,0.5,0.0,0.52,0.22, negative
130,0.57,0.51,0.53,0.18,0.5,0.0,0.56,0.25, negative
131,0.35,0.45,0.43,0.11,0.5,0.0,0.56,0.22, positive
132,0.42,0.42,0.42,0.2,0.5,0.0,0.49,0.22, positive
133,0.26,0.5,0.33,0.28,0.5,0.0,0.51,0.22, positive
134,0.39,0.42,0.38,0.4,0.5,0.0,0.49,0.47, positive
135,0.26,0.44,0.3,0.11,0.5,0.0,0.51,0.47, positive
136,0.31,0.44,0.53,0.23,0.5,0.0,0.51,0.32, negative
137,0.48,0.61,0.44,0.2,0.5,0.0,0.47,0.22, negative
138,0.66,0.45,0.5,0.23,0.5,0.0,0.49,0.22, negative
139,0.21,0.41,0.55,0.11,0.5,0.0,0.5,0.27, negative
140,0.38,0.68,0.44,0.45,0.5,0.0,0.53,0.22, negative
141,0.44,0.38,0.48,0.32,0.5,0.83,0.53,0.22, negative
142,0.31,0.31,0.56,0.33,0.5,0.0,0.52,0.33, negative
143,0.49,0.31,0.49,0.35,0.5,0.0,0.51,0.29, negative
144,0.38,0.37,0.56,0.21,0.5,0.0,0.49,0.22, negative
145,0.39,0.4,0.53,0.67,0.5,0.0,0.47,0.22, negative
146,0.24,0.34,0.69,0.18,0.5,0.0,0.52,0.22, negative
147,0.49,0.43,0.51,0.13,0.5,0.0,0.47,0.22, negative
148,0.54,0.38,0.52,0.18,0.5,0.0,0.48,0.22, negative
149,0.43,0.57,0.53,0.53,0.5,0.0,0.53,0.25, negative
150,0.31,0.55,0.52,0.17,0.5,0.0,0.52,0.22, negative
151,0.32,0.42,0.52,0.24,0.5,0.0,0.6,0.22, negative
152,0.37,0.42,0.51,0.11,0.5,0.0,0.57,0.22, negative
153,0.75,0.7,0.38,0.27,0.5,0.0,0.49,0.22, negative
154,0.44,0.42,0.6,0.21,0.5,0.0,0.57,0.22, negative
155,0.52,0.51,0.51,0.54,0.5,0.0,0.55,0.27, negative
156,0.63,0.56,0.45,0.58,0.5,0.0,0.51,0.22, negative
157,0.72,0.62,0.34,0.29,0.5,0.0,0.56,0.28, negative
158,0.72,0.61,0.37,0.3,0.5,0.0,0.57,0.22, negative
159,0.57,0.57,0.44,0.37,0.5,0.0,0.52,0.25, negative
160,0.42,0.58,0.41,0.65,0.5,0.0,0.46,0.26, negative
161,0.59,0.61,0.34,0.22,0.5,0.0,0.51,0.22, negative
162,0.52,0.77,0.38,0.34,0.5,0.0,0.51,0.22, negative
163,0.5,0.52,0.6,0.51,0.5,0.0,0.48,0.22, negative
164,0.49,0.6,0.43,0.56,0.5,0.0,0.36,0.22, negative
165,0.5,0.41,0.44,0.5,0.5,0.0,0.42,0.22, negative
166,0.5,0.4,0.56,0.7,0.5,0.0,0.5,0.22, negative
167,0.37,0.58,0.44,0.51,0.5,0.0,0.44,0.22, negative
168,0.55,0.45,0.45,0.54,0.5,0.0,0.5,0.22, negative
169,0.67,0.68,0.46,0.29,0.5,0.0,0.46,0.22, negative
170,0.53,0.51,0.46,0.28,0.5,0.0,0.48,0.22, negative
171,0.47,0.46,0.59,0.49,0.5,0.0,0.56,0.22, negative
172,0.73,0.83,0.43,0.3,0.5,0.0,0.55,0.22, negative
173,0.7,0.65,0.54,0.28,0.5,0.0,0.6,0.4, negative
174,0.47,0.54,0.37,0.14,0.5,0.0,0.5,0.22, positive
175,0.56,0.52,0.48,0.17,0.5,0.0,0.46,0.22, negative
176,0.56,0.41,0.58,0.21,0.5,0.0,0.42,0.22, negative
177,0.58,0.56,0.45,0.12,0.5,0.0,0.51,0.22, negative
178,0.53,0.38,0.66,0.25,0.5,0.0,0.43,0.22, negative
179,0.34,0.36,0.54,0.11,0.5,0.0,0.36,0.21, negative
180,0.69,0.61,0.38,0.27,0.5,0.0,0.52,0.22, negative
181,0.37,0.53,0.6,0.19,0.5,0.5,0.42,0.22, negative
182,0.41,0.45,0.53,0.17,0.5,0.0,0.51,0.25, negative
183,0.31,0.46,0.54,0.52,0.5,0.0,0.5,0.34, negative
184,0.36,0.37,0.33,0.14,0.5,0.0,0.57,0.31, positive
185,0.82,0.78,0.49,0.23,0.5,0.0,0.46,0.22, negative
186,0.82,0.75,0.54,0.23,0.5,0.0,0.46,0.22, negative
187,0.41,0.51,0.58,0.15,0.5,0.0,0.45,0.27, negative
188,0.53,0.44,0.51,0.33,0.5,0.0,0.52,0.22, negative
189,0.46,0.54,0.71,0.15,0.5,0.0,0.59,0.22, negative
190,0.53,0.53,0.6,0.13,0.5,0.0,0.49,0.22, negative
191,0.42,0.57,0.72,0.22,0.5,0.0,0.57,0.22, negative
192,0.2,0.26,0.52,0.14,0.5,0.0,0.53,0.44, negative
193,0.51,0.53,0.55,0.14,0.5,0.0,0.51,0.22, negative
194,0.44,0.68,0.45,0.51,0.5,0.0,0.52,0.41, negative
195,0.27,0.39,0.66,0.11,0.5,0.0,0.44,0.22, negative
196,0.55,0.42,0.34,0.3,0.5,0.0,0.52,0.22, positive
197,0.34,0.42,0.3,0.23,0.5,0.0,0.53,0.22, positive
198,0.44,0.53,0.52,0.23,0.5,0.83,0.51,0.22, negative
199,0.59,0.58,0.56,0.21,0.5,0.0,0.54,0.33, negative
200,0.39,0.28,0.46,0.12,0.5,0.0,0.41,0.22, negative
201,0.56,0.43,0.54,0.16,0.5,0.0,0.5,0.22, negative
202,0.35,0.4,0.59,0.22,0.5,0.0,0.47,0.37, negative
203,0.42,0.32,0.5,0.21,0.5,0.0,0.51,0.22, negative
204,0.55,0.54,0.56,0.22,0.5,0.0,0.5,0.37, negative
205,0.8,0.46,0.5,0.15,0.5,0.0,0.53,0.22, negative
206,0.6,0.56,0.47,0.2,0.5,0.0,0.5,0.38, negative
207,0.47,0.65,0.54,0.62,0.5,0.0,0.53,0.36, negative
208,0.43,0.39,0.54,0.14,0.5,0.0,0.47,0.22, negative
209,0.53,0.61,0.52,0.21,0.5,0.0,0.55,0.3, negative
210,0.54,0.42,0.41,0.16,0.5,0.0,0.52,0.22, negative
211,0.46,0.35,0.53,0.16,0.5,0.0,0.51,0.29, negative
212,0.51,0.55,0.35,0.16,0.5,0.0,0.51,0.47, positive
213,0.56,0.52,0.55,0.19,0.5,0.0,0.54,0.22, negative
214,0.37,0.53,0.46,0.23,0.5,0.0,0.47,0.22, negative
215,0.83,0.58,0.33,0.04,0.5,0.0,0.53,0.22, negative
216,0.39,0.45,0.53,0.18,0.5,0.0,0.54,0.22, negative
217,0.52,0.54,0.5,0.21,0.5,0.0,0.48,0.3, negative
218,0.35,0.39,0.57,0.11,0.5,0.0,0.48,0.22, negative
219,0.36,0.49,0.3,0.22,0.5,0.0,0.52,0.31, positive
220,0.78,0.7,0.32,0.23,0.5,0.0,0.53,0.22, negative
221,0.55,0.46,0.53,0.11,0.5,0.0,0.52,0.48, negative
222,0.45,0.56,0.53,0.32,0.5,0.0,0.57,0.22, negative
223,0.29,0.43,0.4,0.15,0.5,0.0,0.53,0.22, positive
224,0.52,0.75,0.37,0.14,0.5,0.0,0.46,0.22, positive
225,0.58,0.6,0.43,0.12,0.5,0.0,0.55,0.22, positive
226,0.54,0.65,0.49,0.34,0.5,0.0,0.52,0.22, negative
227,0.57,0.59,0.44,0.16,0.5,0.0,0.52,0.22, negative
228,0.59,0.58,0.46,0.19,0.5,0.0,0.56,0.27, negative
229,0.92,0.61,0.4,0.22,0.5,0.0,0.54,0.22, negative
230,0.55,0.56,0.45,0.14,0.5,0.0,0.54,0.22, negative
231,0.36,0.46,0.43,0.19,0.5,0.0,0.48,0.22, positive
232,0.34,0.38,0.45,0.19,0.5,0.0,0.51,0.22, negative
233,0.62,0.58,0.46,0.13,0.5,0.0,0.53,0.22, negative
234,0.53,0.68,0.42,0.19,0.5,0.0,0.53,0.22, positive
235,0.73,0.55,0.41,0.16,0.5,0.0,0.46,0.22, negative
236,0.55,0.46,0.46,0.31,0.5,0.0,0.58,0.48, negative
237,0.35,0.6,0.47,0.13,0.5,0.0,0.52,0.43, negative
238,0.77,0.87,0.47,0.37,0.5,0.0,0.48,0.22, negative
239,0.35,0.46,0.49,0.15,1.0,0.0,0.55,0.35, negative
240,0.43,0.51,0.48,0.14,0.5,0.0,0.5,0.22, negative
241,0.57,0.61,0.45,0.26,0.5,0.0,0.5,0.22, negative
242,0.63,0.62,0.42,0.12,0.5,0.0,0.52,0.25, negative
243,0.25,0.4,0.51,0.18,0.5,0.0,0.5,0.27, negative
244,0.56,0.62,0.53,0.24,0.5,0.0,0.57,0.22, negative
245,0.58,0.6,0.51,0.24,0.5,0.0,0.53,0.22, negative
246,0.71,0.59,0.53,0.15,0.5,0.0,0.49,0.33, negative
247,0.46,0.35,0.33,0.17,0.5,0.0,0.55,0.22, positive
248,0.54,0.55,0.42,0.22,0.5,0.0,0.48,0.22, positive
249,0.39,0.44,0.28,0.12,0.5,0.0,0.46,0.27, positive
250,0.33,0.44,0.49,0.08,0.5,0.0,0.48,0.49, negative
251,0.46,0.48,0.44,0.21,0.5,0.0,0.55,0.22, negative
252,0.35,0.36,0.57,0.17,0.5,0.0,0.52,0.22, negative
253,0.54,0.57,0.52,0.19,0.5,0.0,0.59,0.67, negative
254,0.42,0.52,0.4,0.17,0.5,0.0,0.5,0.26, positive
255,0.91,0.77,0.34,0.47,0.5,0.0,0.52,0.31, negative
256,0.81,0.9,0.39,0.41,0.5,0.0,0.53,0.22, negative
257,0.45,0.4,0.56,0.14,0.5,0.0,0.54,0.22, negative
258,0.47,0.47,0.58,0.16,0.5,0.0,0.49,0.28, negative
259,0.41,0.39,0.51,0.52,0.5,0.0,0.49,0.22, negative
260,0.37,0.34,0.32,0.22,0.5,0.0,0.56,0.22, positive
261,0.69,0.6,0.5,0.31,0.5,0.0,0.55,0.22, negative
262,0.84,0.66,0.36,0.78,0.5,0.0,0.49,0.5, negative
263,0.37,0.43,0.62,0.27,0.5,0.0,0.48,0.22, negative
264,0.55,0.66,0.57,0.32,0.5,0.0,0.57,0.34, negative
265,0.48,0.35,0.42,0.21,0.5,0.0,0.57,0.22, negative
266,0.62,0.58,0.52,0.15,0.5,0.0,0.52,0.29, negative
267,0.56,0.59,0.53,0.16,0.5,0.0,0.24,0.42, negative
268,0.44,0.51,0.37,0.15,0.5,0.0,0.51,0.22, positive
269,0.44,0.44,0.49,0.15,0.5,0.0,0.46,0.27, negative
270,0.6,0.6,0.49,0.3,0.5,0.0,0.53,0.22, negative
271,0.49,0.46,0.34,0.21,0.5,0.0,0.55,0.22, positive
272,0.35,0.68,0.57,0.4,0.5,0.0,0.53,0.36, negative
273,0.7,0.69,0.43,0.33,0.5,0.0,0.58,0.22, negative
274,0.23,0.3,0.58,0.22,0.5,0.0,0.48,0.27, negative
275,0.51,0.35,0.46,0.15,0.5,0.0,0.51,0.42, negative
276,0.32,0.38,0.52,0.2,0.5,0.0,0.52,0.28, negative
277,0.59,0.65,0.52,0.3,0.5,0.0,0.46,0.31, negative
278,0.41,0.52,0.41,0.11,0.5,0.0,0.54,0.35, negative
279,0.37,0.33,0.5,0.12,0.5,0.0,0.51,0.54, negative
280,0.45,0.56,0.49,0.17,0.5,0.0,0.52,0.22, negative
281,0.56,0.54,0.59,0.14,0.5,0.0,0.52,0.27, negative
282,0.31,0.31,0.54,0.18,0.5,0.0,0.52,0.29, negative
283,0.54,0.56,0.57,0.18,0.5,0.0,0.45,0.25, negative
284,0.17,0.38,0.45,0.09,0.5,0.0,0.54,0.27, negative
285,0.43,0.51,0.54,0.15,0.5,0.0,0.45,0.26, negative
286,0.6,0.4,0.59,0.18,0.5,0.0,0.48,0.22, negative
287,0.91,0.69,0.57,0.45,0.5,0.0,0.56,0.22, negative
288,0.38,0.47,0.53,0.12,0.5,0.0,0.48,0.22, negative
289,0.59,0.43,0.52,0.19,0.5,0.0,0.55,0.27, negative
290,0.64,0.53,0.45,0.13,0.5,0.0,0.53,0.22, negative
291,0.52,0.51,0.51,0.12,0.5,0.0,0.51,0.4, negative
292,0.49,0.43,0.48,0.15,0.5,0.0,0.55,0.25, negative
293,0.49,0.47,0.52,0.16,0.5,0.0,0.53,0.28, negative
294,0.48,0.39,0.49,0.18,0.5,0.0,0.51,0.22, negative
295,0.44,0.34,0.55,0.18,0.5,0.0,0.52,0.22, negative
296,0.43,0.54,0.58,0.16,0.5,0.0,0.5,0.36, negative
297,0.2,0.34,0.33,0.1,0.5,0.0,0.48,0.31, positive
298,0.3,0.5,0.47,0.11,0.5,0.0,0.46,0.22, negative
299,0.31,0.45,0.5,0.17,0.5,0.0,0.49,0.22, negative
300,0.55,0.41,0.56,0.21,0.5,0.0,0.52,0.22, negative
301,0.4,0.34,0.52,0.17,0.5,0.0,0.47,0.51, negative
302,0.4,0.48,0.5,0.17,0.5,0.0,0.54,0.5, negative
303,0.58,0.48,0.56,0.1,0.5,0.0,0.46,0.25, negative
304,0.58,0.48,0.56,0.12,0.5,0.0,0.46,0.25, negative
305,0.58,0.41,0.51,0.26,0.5,0.0,0.51,0.37, negative
306,0.41,0.6,0.53,0.29,0.5,0.0,0.47,0.43, negative
307,0.69,0.5,0.49,0.42,0.5,0.0,0.49,0.22, negative
308,0.6,0.48,0.44,0.52,0.5,0.0,0.54,0.63, negative
309,0.28,0.51,0.55,0.11,0.5,0.0,0.46,0.22, negative
310,0.56,0.57,0.63,0.39,1.0,0.0,0.59,0.4, negative
311,0.46,0.57,0.57,0.15,0.5,0.0,0.52,0.26, negative
312,0.43,0.42,0.54,0.22,0.5,0.0,0.57,0.33, negative
313,0.48,0.34,0.47,0.14,0.5,0.0,0.47,0.26, negative
314,0.35,0.4,0.53,0.18,0.5,0.0,0.42,0.38, negative
315,0.47,0.45,0.53,0.62,0.5,0.0,0.46,0.22, negative
316,0.53,0.43,0.47,0.15,0.5,0.0,0.58,0.22, negative
317,0.44,0.42,0.62,0.14,0.5,0.0,0.55,0.37, negative
318,0.37,0.34,0.58,0.24,0.5,0.0,0.44,0.18, negative
319,0.37,0.34,0.58,0.24,0.5,0.0,0.44,0.18, negative
320,0.39,0.39,0.55,0.52,0.5,0.0,0.37,0.16, negative
321,0.39,0.39,0.55,0.52,0.5,0.0,0.37,0.16, negative
322,0.48,0.46,0.38,0.29,0.5,0.0,0.53,0.22, positive
323,0.48,0.57,0.5,0.09,0.5,0.0,0.52,0.42, negative
324,0.61,0.57,0.45,0.21,0.5,0.0,0.5,0.42, negative
325,0.51,0.63,0.3,0.35,0.5,0.0,0.53,0.27, positive
326,0.53,0.68,0.34,0.42,0.5,0.0,0.54,0.27, positive
327,0.37,0.22,0.64,0.35,0.5,0.0,0.47,0.22, negative
328,0.51,0.48,0.58,0.22,0.5,0.0,0.5,0.28, negative
329,0.49,0.37,0.59,0.17,0.5,0.0,0.51,0.22, negative
330,0.51,0.48,0.58,0.22,0.5,0.0,0.5,0.28, negative
331,0.53,0.53,0.53,0.17,0.5,0.0,0.49,0.37, negative
332,0.29,0.68,0.47,0.26,0.5,0.0,0.47,0.37, negative
333,0.5,0.45,0.49,0.15,0.5,0.0,0.55,0.43, negative
334,0.33,0.28,0.31,0.24,0.5,0.0,0.53,0.22, positive
335,0.85,0.85,0.3,0.31,0.5,0.0,0.55,0.42, negative
336,0.43,0.39,0.51,0.28,0.5,0.0,0.4,0.22, negative
337,0.34,0.35,0.61,0.19,0.5,0.0,0.52,0.25, negative
338,0.55,0.53,0.56,0.29,0.5,0.0,0.48,0.22, negative
339,0.37,0.62,0.34,0.25,0.5,0.0,0.51,0.22, positive
340,0.45,0.56,0.51,0.64,0.5,0.0,0.54,0.22, negative
341,0.38,0.46,0.52,0.75,0.5,0.0,0.5,0.26, negative
342,0.61,0.54,0.49,0.19,0.5,0.0,0.54,0.47, negative
343,0.44,0.53,0.52,0.37,0.5,0.0,0.5,0.22, negative
344,0.44,0.53,0.52,0.37,0.5,0.0,0.5,0.22, negative
345,0.32,0.34,0.61,0.17,0.5,0.0,0.52,0.32, negative
346,0.34,0.34,0.61,0.18,0.5,0.0,0.52,0.32, negative
347,0.51,0.68,0.49,0.59,0.5,0.0,0.54,0.27, negative
348,0.41,0.3,0.49,0.28,0.5,0.0,0.54,0.22, negative
349,0.41,0.43,0.5,0.28,0.5,0.0,0.5,0.22, negative
350,0.3,0.5,0.34,0.26,0.5,0.0,0.51,0.22, positive
351,0.49,0.4,0.34,0.26,0.5,0.0,0.5,0.22, positive
352,0.34,0.4,0.3,0.23,0.5,0.0,0.51,0.22, positive
353,0.43,0.44,0.3,0.18,0.5,0.0,0.51,0.22, positive
354,0.45,0.57,0.3,0.17,0.5,0.0,0.51,0.22, positive
355,0.42,0.44,0.33,0.17,0.5,0.0,0.54,0.27, positive
356,0.52,0.5,0.53,0.1,0.5,0.0,0.48,0.22, negative
357,0.53,0.56,0.49,0.46,0.5,0.0,0.52,0.22, negative
358,0.45,0.54,0.54,0.62,0.5,0.0,0.53,0.22, negative
359,0.51,0.43,0.63,0.18,0.5,0.0,0.52,0.22, negative
360,0.51,0.52,0.48,0.5,0.5,0.0,0.51,0.22, negative
361,0.55,0.49,0.5,0.46,0.5,0.0,0.52,0.25, negative
362,0.5,0.46,0.52,0.16,0.5,0.0,0.52,0.26, negative
363,0.5,0.53,0.45,0.44,0.5,0.0,0.49,0.22, negative
364,0.45,0.59,0.53,0.74,0.5,0.0,0.47,0.25, negative
365,0.57,0.61,0.55,0.67,0.5,0.0,0.48,0.22, negative
366,0.54,0.45,0.62,0.13,0.5,0.0,0.52,0.26, negative
367,0.47,0.63,0.66,0.45,0.5,0.0,0.37,0.11, negative
368,0.51,0.34,0.43,0.18,0.5,0.0,0.48,0.25, negative
369,0.56,0.45,0.59,0.14,0.5,0.0,0.51,0.26, negative
370,0.45,0.38,0.59,0.18,0.5,0.0,0.44,0.45, negative
371,0.43,0.51,0.6,0.25,0.5,0.0,0.55,0.22, negative
372,0.47,0.59,0.43,0.13,0.5,0.0,0.56,0.3, positive
373,0.4,0.45,0.42,0.17,0.5,0.0,0.54,0.26, positive
374,0.89,0.81,0.36,0.71,0.5,0.0,0.55,0.63, negative
375,0.58,0.55,0.52,0.22,0.5,0.0,0.44,0.22, negative
376,0.59,0.57,0.46,0.14,0.5,0.0,0.52,0.22, negative
377,0.49,0.41,0.32,0.21,0.5,0.0,0.5,0.32, positive
378,0.5,0.46,0.42,0.32,0.5,0.0,0.56,0.55, positive
379,0.68,0.5,0.43,0.27,0.5,0.0,0.61,0.22, negative
380,0.46,0.41,0.5,0.44,0.5,0.0,0.53,0.22, negative
381,0.32,0.36,0.34,0.19,0.5,0.0,0.55,0.26, positive
382,0.4,0.51,0.42,0.13,0.5,0.0,0.45,0.25, positive
383,0.65,0.61,0.39,0.3,0.5,0.0,0.57,0.28, positive
384,0.47,0.43,0.35,0.32,0.5,0.0,0.54,0.22, positive
385,0.42,0.25,0.6,0.14,0.5,0.0,0.45,0.22, negative
386,0.23,0.34,0.41,0.28,0.5,0.0,0.5,0.27, negative
387,0.34,0.31,0.6,0.37,0.5,0.0,0.5,0.3, negative
388,0.67,0.63,0.34,0.41,0.5,0.0,0.6,0.33, negative
389,0.54,0.51,0.54,0.52,0.5,0.0,0.47,0.25, negative
390,0.53,0.5,0.54,0.56,0.5,0.0,0.49,0.41, negative
391,0.84,0.63,0.38,0.23,0.5,0.0,0.53,0.22, negative
392,0.89,0.77,0.36,0.34,0.5,0.0,0.44,0.22, negative
393,0.36,0.35,0.47,0.22,0.5,0.0,0.44,0.31, positive
394,0.57,0.49,0.48,0.16,0.5,0.0,0.51,0.22, negative
395,0.43,0.52,0.53,0.52,1.0,0.0,0.49,0.22, negative
396,0.38,0.49,0.54,1.0,0.5,0.0,0.5,0.27, negative
397,0.43,0.32,0.56,0.27,0.5,0.0,0.47,0.27, negative
398,0.27,0.56,0.56,0.18,0.5,0.0,0.52,0.22, negative
399,0.89,0.82,0.6,0.49,0.5,0.0,0.55,0.22, negative
400,0.86,0.92,0.5,0.37,1.0,0.0,0.53,0.32, negative
401,0.37,0.55,0.29,0.32,0.5,0.0,0.51,0.22, positive
402,0.87,0.83,0.57,0.36,0.5,0.0,0.36,0.22, negative
403,0.52,0.48,0.54,0.28,0.5,0.0,0.54,0.22, negative
404,0.76,0.74,0.56,0.34,0.5,0.0,0.51,0.3, negative
405,0.58,0.76,0.4,0.37,0.5,0.0,0.54,0.3, negative
406,0.94,0.6,0.33,0.49,0.5,0.0,0.54,0.22, negative
407,0.42,0.51,0.39,0.22,0.5,0.0,0.49,0.26, positive
408,0.52,0.48,0.58,0.55,0.5,0.0,0.48,0.22, negative
409,0.42,0.32,0.48,0.16,0.5,0.0,0.55,0.22, negative
410,0.48,0.57,0.52,0.61,0.5,0.0,0.51,0.22, negative
411,0.83,0.53,0.52,0.2,0.5,0.0,0.48,0.25, negative
412,0.36,0.34,0.46,0.19,0.5,0.0,0.52,0.22, negative
413,0.51,0.43,0.47,0.19,0.5,0.0,0.52,0.37, negative
414,0.54,0.54,0.49,0.14,0.5,0.0,0.56,0.22, negative
415,0.44,0.41,0.44,0.13,0.5,0.0,0.49,0.42, negative
416,0.52,0.62,0.54,0.19,0.5,0.0,0.5,0.22, negative
417,0.53,0.44,0.47,0.22,0.5,0.0,0.53,0.22, negative
418,0.48,0.48,0.5,0.47,0.5,0.0,0.55,0.22, negative
419,0.46,0.14,0.36,0.21,0.5,0.0,0.5,0.25, positive
420,0.46,0.47,0.46,0.16,0.5,0.0,0.51,0.22, negative
421,0.52,0.49,0.57,0.57,0.5,0.0,0.51,0.22, negative
422,0.78,0.48,0.47,0.3,0.5,0.0,0.53,0.47, negative
423,0.49,0.62,0.65,0.18,0.5,0.0,0.46,0.43, negative
424,0.39,0.37,0.33,0.23,0.5,0.0,0.53,0.26, positive
425,0.39,0.37,0.56,0.15,0.5,0.0,0.5,0.27, negative
426,0.33,0.37,0.54,0.28,0.5,0.0,0.53,0.27, negative
427,0.39,0.37,0.33,0.23,0.5,0.0,0.52,0.26, positive
428,0.33,0.38,0.53,0.26,0.5,0.0,0.52,0.27, negative
429,0.47,0.54,0.54,0.48,0.5,0.0,0.53,0.26, negative
430,0.72,0.58,0.42,0.28,0.5,0.0,0.48,0.22, negative
431,0.41,0.41,0.51,0.19,0.5,0.0,0.57,0.22, negative
432,0.81,0.65,0.52,0.41,0.5,0.0,0.57,0.26, negative
433,0.5,0.49,0.52,0.2,0.5,0.0,0.43,0.52, negative
434,0.18,0.48,0.46,0.12,0.5,0.0,0.0,0.25, negative
435,0.26,0.38,0.52,0.36,0.5,0.0,0.48,0.56, negative
436,0.53,0.51,0.51,0.11,0.5,0.0,0.49,0.41, negative
437,0.58,0.49,0.5,0.41,0.5,0.0,0.57,0.22, negative
438,0.62,0.6,0.47,0.16,0.5,0.0,0.53,0.22, negative
439,0.68,0.58,0.51,0.19,0.5,0.83,0.54,0.22, negative
440,0.4,0.52,0.53,0.52,0.5,0.0,0.51,0.22, negative
441,0.51,0.47,0.41,0.44,0.5,0.0,0.5,0.22, positive
442,0.72,0.56,0.4,0.26,0.5,0.0,0.51,0.26, negative
443,0.49,0.44,0.45,0.22,0.5,0.0,0.51,0.22, negative
444,0.32,0.47,0.55,0.25,0.5,0.0,0.49,0.22, negative
445,0.46,0.57,0.52,0.28,0.5,0.0,0.52,0.22, negative
446,0.53,0.48,0.45,0.44,0.5,0.0,0.49,0.27, negative
447,0.49,0.48,0.46,0.63,0.5,0.0,0.52,0.22, negative
448,0.68,0.68,0.49,0.15,0.5,0.0,0.53,0.22, negative
449,0.55,0.49,0.45,0.18,0.5,0.0,0.49,0.22, negative
450,0.4,0.53,0.61,0.21,0.5,0.0,0.48,0.33, negative
451,0.57,0.44,0.42,0.2,0.5,0.0,0.54,0.22, negative
452,0.4,0.47,0.48,0.18,0.5,0.0,0.46,0.22, negative
453,0.34,0.54,0.54,0.13,0.5,0.0,0.52,0.22, negative
454,0.55,0.65,0.5,0.28,0.5,0.0,0.55,0.22, negative
455,0.29,0.46,0.54,0.27,0.5,0.0,0.49,0.22, negative
456,0.46,0.42,0.6,0.21,0.5,0.0,0.4,0.22, negative
457,0.8,0.81,0.55,0.35,0.5,0.0,0.42,0.22, negative
458,0.45,0.48,0.63,0.67,0.5,0.0,0.48,0.22, negative
459,0.66,0.52,0.52,0.44,0.5,0.0,0.56,0.27, negative
460,0.54,0.52,0.54,0.2,0.5,0.0,0.55,0.25, negative
461,0.37,0.31,0.53,0.16,0.5,0.0,0.53,0.44, negative
462,0.48,0.47,0.54,0.55,0.5,0.0,0.51,0.65, negative
463,0.6,0.59,0.45,0.23,0.5,0.0,0.55,0.22, negative
464,0.45,0.73,0.47,0.65,0.5,0.0,0.54,0.43, negative
465,0.66,0.54,0.49,0.16,0.5,0.0,0.54,0.36, negative
466,0.46,0.55,0.61,0.13,0.5,0.0,0.47,0.22, negative
467,0.42,0.5,0.53,0.22,0.5,0.83,0.5,0.22, negative
468,0.66,0.66,0.32,0.54,0.5,0.0,0.51,0.22, negative
469,0.74,0.56,0.35,0.36,0.5,0.0,0.51,0.25, negative
470,0.89,0.52,0.41,0.26,0.5,0.0,0.52,0.31, negative
471,0.67,0.51,0.54,0.21,0.5,0.0,0.43,0.3, negative
472,0.58,0.46,0.46,0.34,0.5,0.0,0.5,0.43, negative
473,0.4,0.68,0.5,0.82,0.5,0.0,0.44,0.36, negative
474,0.59,0.57,0.43,0.26,0.5,0.0,0.51,0.22, negative
475,0.39,0.3,0.56,0.12,0.5,0.0,0.53,0.38, negative
476,0.6,0.62,0.54,0.4,0.5,0.0,0.5,0.22, negative
477,0.36,0.4,0.53,0.48,0.5,0.0,0.48,0.22, negative
478,0.51,0.42,0.56,0.38,0.5,0.0,0.46,0.22, negative
479,0.57,0.4,0.62,0.3,0.5,0.0,0.48,0.11, negative
480,0.52,0.5,0.59,0.31,0.5,0.0,0.5,0.22, negative
481,0.42,0.53,0.53,0.64,0.5,0.0,0.47,0.22, negative
482,0.5,0.46,0.64,0.36,0.5,0.0,0.49,0.22, negative
483,0.6,0.51,0.6,0.38,0.5,0.83,0.52,0.24, negative
484,0.6,0.57,0.64,0.52,0.5,0.0,0.47,0.28, negative
485,0.53,0.42,0.58,0.29,0.5,0.0,0.5,0.22, negative
486,0.41,0.52,0.53,0.41,0.5,0.0,0.39,0.33, negative
487,0.45,0.43,0.63,0.4,0.5,0.0,0.59,0.11, negative
488,0.44,0.44,0.67,0.35,0.5,0.0,0.48,0.26, negative
489,0.57,0.61,0.55,0.27,0.5,0.0,0.44,0.21, negative
490,0.57,0.58,0.58,0.35,0.5,0.0,0.49,0.22, negative
491,0.56,0.5,0.61,0.49,0.5,0.0,0.46,0.28, negative
492,0.6,0.46,0.59,0.16,0.5,0.0,0.49,0.22, negative
493,0.36,0.38,0.56,0.44,0.5,0.0,0.48,0.22, negative
494,0.53,0.52,0.61,0.35,0.5,0.0,0.5,0.22, negative
495,0.62,0.59,0.54,0.47,0.5,0.0,0.46,0.22, negative
496,0.55,0.5,0.6,0.31,0.5,0.0,0.46,0.27, negative
497,0.58,0.53,0.57,0.46,0.5,0.0,0.51,0.27, negative
498,0.65,0.53,0.55,0.52,0.5,0.0,0.47,0.27, negative
499,0.58,0.53,0.5,0.53,0.5,0.0,0.47,0.31, negative
500,0.61,0.46,0.51,0.37,0.5,0.0,0.51,0.22, negative
501,0.55,0.59,0.47,0.64,0.5,0.0,0.54,0.33, negative
502,0.54,0.64,0.5,0.13,0.5,0.0,0.49,0.22, negative
503,0.4,0.74,0.49,0.16,0.5,0.0,0.51,0.22, negative
504,0.76,0.76,0.35,0.27,0.5,0.0,0.44,0.22, negative
505,0.51,0.56,0.51,0.42,0.5,0.0,0.53,0.36, negative
506,0.43,0.32,0.5,0.29,0.5,0.0,0.5,0.22, negative
507,0.49,0.44,0.45,0.55,0.5,0.0,0.48,0.22, negative
508,0.32,0.45,0.44,0.2,0.5,0.0,0.55,0.33, negative
509,0.51,0.6,0.51,0.26,0.5,0.0,0.54,0.22, negative
510,0.49,0.46,0.42,0.46,0.5,0.0,0.55,0.22, negative
511,0.5,0.56,0.49,0.61,0.5,0.0,0.5,0.22, negative
512,0.52,0.38,0.62,0.12,0.5,0.0,0.41,0.28, negative
513,0.51,0.56,0.62,0.24,0.5,0.0,0.52,0.51, negative
514,0.46,0.44,0.53,0.31,0.5,0.0,0.48,0.22, negative
515,0.58,0.57,0.54,0.69,0.5,0.0,0.54,0.22, negative
516,0.61,0.59,0.47,0.49,0.5,0.0,0.54,0.22, negative
517,0.63,0.47,0.56,0.12,0.5,0.0,0.5,0.22, negative
518,0.55,0.53,0.54,0.4,0.5,0.0,0.48,0.22, negative
519,0.41,0.47,0.58,0.62,0.5,0.0,0.5,0.22, negative
520,0.44,0.53,0.53,0.37,0.5,0.0,0.51,0.22, negative
521,0.57,0.4,0.48,0.24,0.5,0.0,0.55,0.22, negative
522,0.46,0.46,0.56,0.12,0.5,0.0,0.55,0.22, negative
523,0.47,0.46,0.55,0.28,0.5,0.0,0.44,0.46, negative
524,0.39,0.35,0.49,0.17,0.5,0.0,0.49,0.22, negative
525,0.58,0.38,0.4,0.21,0.5,0.0,0.5,0.22, negative
526,0.53,0.41,0.5,0.24,1.0,0.0,0.47,0.22, negative
527,0.43,0.4,0.5,0.18,0.5,0.0,0.5,0.28, negative
528,0.41,0.59,0.46,0.19,0.5,0.0,0.36,0.22, negative
529,0.58,0.56,0.52,0.25,0.5,0.0,0.57,0.35, negative
530,0.51,0.65,0.53,0.19,0.5,0.0,0.49,0.22, negative
531,0.81,0.79,0.32,0.37,0.5,0.0,0.41,0.22, negative
532,0.44,0.41,0.29,0.21,0.5,0.0,0.49,0.22, positive
533,0.49,0.6,0.55,0.17,0.5,0.0,0.44,0.22, negative
534,0.56,0.63,0.52,0.2,0.5,0.0,0.34,0.26, negative
535,0.42,0.28,0.57,0.18,0.5,0.0,0.42,0.22, negative
536,0.51,0.46,0.54,0.41,0.5,0.0,0.53,0.22, negative
537,0.37,0.41,0.45,0.14,0.5,0.0,0.47,0.22, negative
538,0.37,0.51,0.57,0.4,0.5,0.0,0.48,0.27, negative
539,0.36,0.39,0.55,0.26,0.5,0.0,0.49,0.22, negative
540,0.5,0.36,0.53,0.41,0.5,0.0,0.55,0.36, negative
541,0.59,0.58,0.39,0.52,0.5,0.0,0.5,0.31, negative
542,0.78,0.63,0.53,0.13,0.5,0.0,0.54,0.22, negative
543,0.47,0.59,0.37,0.31,0.5,0.0,0.51,0.36, negative
544,0.48,0.62,0.52,0.3,0.5,0.0,0.51,0.37, negative
545,0.48,0.54,0.53,0.6,0.5,0.0,0.53,0.31, negative
546,0.33,0.46,0.53,0.29,0.5,0.0,0.5,0.55, negative
547,0.39,0.34,0.68,0.3,0.5,0.0,0.5,0.29, negative
548,0.11,0.41,0.67,0.13,0.5,0.0,0.45,0.29, negative
549,0.4,0.53,0.44,0.18,0.5,0.0,0.54,0.31, negative
550,0.47,0.5,0.55,0.19,0.5,0.0,0.62,0.22, negative
551,0.35,0.5,0.44,0.27,0.5,0.0,0.51,0.22, negative
552,0.36,0.3,0.5,0.19,0.5,0.0,0.55,0.3, negative
553,0.49,0.44,0.51,0.18,0.5,0.0,0.52,0.27, negative
554,0.35,0.44,0.54,0.26,0.5,0.0,0.52,0.26, negative
555,0.43,0.28,0.53,0.34,0.5,0.0,0.55,0.57, negative
556,0.33,0.48,0.55,0.16,0.5,0.0,0.53,0.75, negative
557,0.44,0.34,0.61,0.13,0.5,0.0,0.49,0.26, negative
558,0.87,0.47,0.6,0.47,0.5,0.0,0.59,0.22, negative
559,0.3,0.55,0.58,0.16,0.5,0.0,0.61,0.28, negative
560,0.75,0.67,0.51,0.29,0.5,0.0,0.52,0.36, negative
561,0.47,0.47,0.5,0.15,0.5,0.0,0.5,0.48, negative
562,0.51,0.34,0.49,0.16,0.5,0.0,0.53,0.21, negative
563,0.45,0.41,0.58,0.48,0.5,0.0,0.53,0.64, negative
564,0.9,0.54,0.59,0.2,0.5,0.0,0.48,0.22, negative
565,0.88,0.59,0.54,0.39,0.5,0.0,0.41,0.3, negative
566,0.7,0.51,0.47,0.24,0.5,0.0,0.53,0.25, negative
567,0.25,0.36,0.58,0.3,0.5,0.0,0.58,0.31, negative
568,0.69,0.62,0.49,0.0,1.0,0.0,0.47,0.22, negative
569,0.83,0.57,0.42,0.57,0.5,0.0,0.5,0.32, negative
570,0.43,0.38,0.38,0.12,0.5,0.0,0.5,0.22, negative
571,0.78,0.65,0.4,0.16,0.5,0.0,0.63,0.22, negative
572,0.52,0.64,0.34,0.16,0.5,0.0,0.57,0.22, negative
573,0.41,0.49,0.58,0.22,0.5,0.0,0.52,0.22, negative
574,0.58,0.51,0.56,0.16,0.5,0.0,0.34,0.22, negative
575,0.48,0.49,0.45,0.23,0.5,0.0,0.51,0.22, positive
576,0.39,0.42,0.49,0.1,0.5,0.0,0.49,0.65, negative
577,0.31,0.42,0.48,0.17,0.5,0.0,0.49,0.53, negative
578,0.76,0.67,0.37,0.22,0.5,0.0,0.54,0.22, negative
579,0.28,0.48,0.56,0.16,0.5,0.0,0.48,0.26, negative
580,0.69,0.39,0.52,0.12,0.5,0.0,0.38,0.35, negative
581,0.64,0.52,0.5,0.26,0.5,0.0,0.51,0.31, negative
582,0.56,0.48,0.5,0.3,0.5,0.0,0.51,0.22, negative
583,0.47,0.43,0.59,0.27,0.5,0.0,0.55,0.22, negative
584,0.68,0.59,0.44,0.49,0.5,0.0,0.4,0.26, negative
585,0.5,0.51,0.57,0.27,0.5,0.0,0.48,0.22, negative
586,0.53,0.51,0.36,0.13,0.5,0.0,0.52,0.22, positive
587,0.6,0.54,0.54,0.53,0.5,0.0,0.52,0.27, negative
588,0.49,0.52,0.53,0.7,0.5,0.0,0.51,0.22, negative
589,0.51,0.46,0.57,0.25,0.5,0.0,0.53,0.22, negative
590,0.49,0.45,0.46,0.18,0.5,0.0,0.49,0.31, negative
591,0.52,0.46,0.51,0.18,0.5,0.0,0.5,0.22, negative
592,0.39,0.58,0.5,0.1,0.5,0.0,0.51,0.25, negative
593,0.7,0.84,0.49,0.28,1.0,0.0,0.58,0.22, negative
594,0.61,0.46,0.44,0.47,0.5,0.0,0.5,0.37, negative
595,0.41,0.48,0.38,0.13,0.5,0.0,0.51,0.35, positive
596,0.37,0.42,0.6,0.13,0.5,0.0,0.51,0.22, negative
597,0.45,0.58,0.59,0.44,0.5,0.0,0.56,0.22, negative
598,0.74,0.89,0.32,0.24,0.5,0.0,0.54,0.32, negative
599,0.28,0.46,0.26,0.18,0.5,0.0,0.39,0.22, negative
600,0.51,0.46,0.49,0.21,0.5,0.0,0.55,0.22, negative
601,0.8,0.82,0.57,0.26,0.5,0.0,0.57,0.27, negative
602,0.46,0.49,0.45,0.28,0.5,0.0,0.55,0.22, negative
603,0.4,0.36,0.55,0.15,0.5,0.0,0.53,0.22, negative
604,0.67,0.46,0.58,0.3,0.5,0.0,0.57,0.27, negative
605,0.5,0.32,0.49,0.49,0.5,0.0,0.48,0.32, negative
606,0.45,0.53,0.47,0.43,0.5,0.0,0.5,0.27, negative
607,0.75,0.6,0.43,0.35,0.5,0.0,0.45,0.27, negative
608,0.56,0.68,0.52,0.39,0.5,0.0,0.36,0.22, negative
609,0.59,0.45,0.58,0.21,0.5,0.0,0.49,0.22, negative
610,0.48,0.52,0.49,0.35,0.5,0.5,0.51,0.22, negative
611,0.59,0.58,0.47,0.61,0.5,0.0,0.44,0.3, negative
612,0.5,0.57,0.62,0.25,0.5,0.0,0.51,0.22, negative
613,0.57,0.49,0.5,0.2,0.5,0.0,0.51,0.28, negative
614,0.62,0.43,0.49,0.29,0.5,0.0,0.5,0.27, negative
615,0.45,0.41,0.49,0.14,1.0,0.0,0.53,0.3, negative
616,0.47,0.49,0.6,0.15,0.5,0.0,0.38,0.22, negative
617,0.41,0.48,0.54,0.24,0.5,0.0,0.37,0.51, negative
618,0.48,0.42,0.48,0.19,0.5,0.0,0.58,0.22, negative
619,0.43,0.45,0.53,0.19,0.5,0.0,0.56,0.22, negative
620,0.48,0.46,0.58,0.26,0.5,0.0,0.44,0.22, negative
621,0.74,0.72,0.5,0.28,0.5,0.0,0.5,0.27, negative
622,0.38,0.62,0.52,0.14,0.5,0.0,0.53,0.22, negative
623,0.77,0.72,0.48,0.26,0.5,0.0,0.51,0.22, negative
624,0.44,0.42,0.57,0.22,0.5,0.0,0.5,0.25, negative
625,0.74,0.74,0.51,0.27,0.5,0.0,0.5,0.22, negative
626,0.39,0.81,0.35,0.28,0.5,0.0,0.51,0.45, positive
627,0.38,0.45,0.37,0.19,0.5,0.0,0.52,0.3, positive
628,0.4,0.37,0.54,0.13,0.5,0.0,0.48,0.22, negative
629,0.31,0.3,0.34,0.19,0.5,0.0,0.55,0.3, positive
630,0.5,0.42,0.57,0.49,0.5,0.0,0.48,0.27, negative
631,0.59,0.61,0.51,0.62,0.5,0.0,0.51,0.38, negative
632,0.45,0.4,0.43,0.22,0.5,0.0,0.51,0.48, negative
633,0.77,0.78,0.51,0.28,0.5,0.0,0.33,0.22, negative
634,0.74,0.71,0.52,0.3,0.5,0.0,0.27,0.22, negative
635,0.77,0.73,0.51,0.27,0.5,0.0,0.34,0.22, negative
636,0.47,0.61,0.5,0.23,0.5,0.0,0.49,0.22, positive
637,0.78,0.69,0.44,0.26,0.5,0.0,0.54,0.22, negative
638,0.49,0.6,0.3,0.34,0.5,0.0,0.5,0.43, positive
639,0.27,0.56,0.3,0.14,0.5,0.0,0.52,0.39, positive
640,0.4,0.39,0.33,0.17,0.5,0.0,0.51,0.31, negative
641,0.55,0.51,0.54,0.2,0.5,0.0,0.56,0.22, negative
642,0.95,0.71,0.27,0.39,0.5,0.0,0.31,0.22, negative
643,0.97,0.71,0.29,0.42,0.5,0.0,0.35,0.22, negative
644,0.44,0.43,0.34,0.21,0.5,0.0,0.55,0.4, positive
645,0.39,0.49,0.3,0.19,0.5,0.0,0.52,0.31, positive
646,0.38,0.48,0.51,0.13,0.5,0.0,0.5,0.32, negative
647,0.27,0.49,0.36,0.26,0.5,0.0,0.49,0.26, positive
648,0.49,0.48,0.52,0.2,0.5,0.0,0.55,0.22, negative
649,0.36,0.39,0.54,0.16,0.5,0.0,0.5,0.28, negative
650,0.54,0.53,0.48,0.14,0.5,0.0,0.49,0.33, negative
651,0.37,0.48,0.5,0.26,0.5,0.0,0.52,0.39, negative
652,0.25,0.39,0.5,0.23,0.5,0.0,0.5,0.28, negative
653,0.56,0.5,0.56,0.26,0.5,0.0,0.53,0.27, negative
654,0.41,0.53,0.41,0.15,0.5,0.0,0.54,0.25, negative
655,0.5,0.45,0.53,0.21,0.5,0.0,0.28,0.22, negative
656,0.66,0.55,0.34,0.2,0.5,0.0,0.62,0.22, positive
657,0.42,0.65,0.58,0.34,0.5,0.0,0.5,0.22, negative
658,0.45,0.47,0.53,0.15,0.5,0.0,0.52,0.27, negative
659,0.42,0.28,0.51,0.23,0.5,0.0,0.53,0.27, negative
660,0.51,0.48,0.46,0.29,0.5,0.0,0.54,0.22, negative
661,0.63,0.55,0.53,0.51,0.5,0.0,0.55,0.22, negative
662,0.55,0.63,0.54,0.16,0.5,0.0,0.45,0.27, negative
663,0.53,0.59,0.48,0.14,0.5,0.0,0.51,0.22, negative
664,0.42,0.53,0.57,0.17,0.5,0.0,0.49,0.22, negative
665,0.52,0.46,0.56,0.2,0.5,0.0,0.5,0.22, negative
666,0.53,0.43,0.57,0.24,0.5,0.0,0.39,0.28, negative
667,0.33,0.35,0.56,0.19,0.5,0.0,0.5,0.22, negative
668,0.45,0.48,0.56,0.56,0.5,0.0,0.47,0.22, negative
669,0.56,0.48,0.5,0.17,0.5,0.0,0.51,0.26, negative
670,0.77,0.57,0.45,0.17,0.5,0.0,0.53,0.22, negative
671,0.56,0.59,0.54,0.18,0.5,0.0,0.48,0.46, negative
672,0.33,0.39,0.52,0.09,0.5,0.0,0.47,0.28, negative
673,0.48,0.41,0.54,0.39,0.5,0.0,0.51,0.22, negative
674,0.3,0.3,0.46,0.32,0.5,0.0,0.45,0.22, negative
675,0.38,0.26,0.6,0.1,0.5,0.0,0.48,0.44, negative
676,0.62,0.41,0.52,0.17,0.5,0.0,0.48,0.22, negative
677,0.52,0.37,0.48,0.13,0.5,0.0,0.55,0.22, negative
678,0.32,0.48,0.49,0.17,0.5,0.0,0.47,0.22, negative
679,0.34,0.35,0.58,0.2,0.5,0.0,0.46,0.32, negative
680,0.33,0.21,0.53,0.15,1.0,0.0,0.52,0.5, negative
681,0.49,0.45,0.57,0.24,0.5,0.0,0.47,0.38, negative
682,0.4,0.28,0.48,0.06,0.5,0.0,0.49,0.42, negative
683,0.51,0.39,0.56,0.25,0.5,0.0,0.51,0.33, negative
684,0.45,0.45,0.52,0.17,0.5,0.0,0.54,0.22, negative
685,0.28,0.51,0.55,0.19,0.5,0.0,0.57,0.22, negative
686,0.51,0.51,0.56,0.28,0.5,0.0,0.54,0.27, negative
687,0.59,0.46,0.48,0.46,0.5,0.0,0.49,0.22, negative
688,0.51,0.46,0.4,0.65,0.5,0.0,0.49,0.22, negative
689,0.37,0.44,0.51,0.56,0.5,0.0,0.5,0.38, negative
690,0.81,0.55,0.35,0.34,0.5,0.0,0.51,0.22, negative
691,0.53,0.45,0.53,0.18,0.5,0.0,0.42,0.22, negative
692,0.45,0.27,0.5,0.33,0.5,0.0,0.53,0.26, negative
693,0.48,0.5,0.56,0.11,0.5,0.0,0.33,0.22, negative
694,0.35,0.47,0.53,0.19,0.5,0.0,0.48,0.22, negative
695,0.6,0.59,0.47,0.47,0.5,0.0,0.53,0.22, negative
696,0.45,0.53,0.51,0.42,0.5,0.0,0.52,0.22, negative
697,0.29,0.4,0.41,0.48,0.5,0.0,0.53,0.3, negative
698,0.58,0.53,0.33,0.26,0.5,0.0,0.51,0.22, positive
699,0.46,0.43,0.5,0.24,0.5,0.0,0.48,0.31, negative
700,0.43,0.46,0.5,0.21,0.5,0.0,0.49,0.34, negative
701,0.49,0.45,0.54,0.4,0.5,0.0,0.55,0.22, negative
702,0.64,0.53,0.59,0.14,0.5,0.0,0.53,0.22, negative
703,0.57,0.6,0.54,0.17,0.5,0.0,0.52,0.22, negative
704,0.38,0.31,0.59,0.19,0.5,0.0,0.46,0.22, negative
705,0.24,0.41,0.47,0.16,0.5,0.0,0.51,0.38, negative
706,0.33,0.28,0.5,0.4,0.5,0.0,0.46,0.61, negative
707,0.39,0.44,0.54,0.24,0.5,0.0,0.51,0.49, negative
708,0.43,0.48,0.53,0.18,0.5,0.0,0.46,0.22, negative
709,0.47,0.43,0.48,0.16,0.5,0.0,0.46,0.27, negative
710,0.52,0.5,0.51,0.2,0.5,0.0,0.51,0.22, negative
711,0.33,0.28,0.52,0.15,0.5,0.0,0.51,0.86, negative
712,0.36,0.48,0.5,0.13,0.5,0.0,0.49,0.6, negative
713,0.45,0.54,0.49,0.29,0.5,0.0,0.49,0.25, negative
714,0.55,0.59,0.53,0.15,0.5,0.0,0.49,0.22, negative
715,0.43,0.41,0.51,0.34,0.5,0.0,0.49,0.28, negative
716,0.64,0.5,0.53,0.1,0.5,0.0,0.51,0.22, negative
717,0.41,0.52,0.56,0.26,0.5,0.0,0.48,0.32, negative
718,0.48,0.47,0.59,0.41,0.5,0.0,0.56,0.27, negative
719,0.49,0.49,0.51,0.29,0.5,0.0,0.52,0.71, negative
720,0.41,0.52,0.51,0.22,0.5,0.0,0.52,0.44, negative
721,0.51,0.61,0.5,0.23,0.5,0.0,0.52,0.61, negative
722,0.59,0.47,0.51,0.53,0.5,0.0,0.53,0.26, negative
723,0.4,0.6,0.5,0.16,0.5,0.0,0.51,0.22, negative
724,0.61,0.46,0.54,0.11,0.5,0.0,0.47,0.22, negative
725,0.66,0.55,0.54,0.18,0.5,0.0,0.43,0.22, negative
726,0.53,0.46,0.54,0.37,0.5,0.0,0.51,0.3, negative
727,0.41,0.41,0.43,0.61,0.5,0.0,0.53,0.22, negative
728,0.58,0.31,0.6,0.12,0.5,0.0,0.47,0.33, negative
729,0.44,0.33,0.55,0.16,0.5,0.0,0.49,0.22, negative
730,0.57,0.55,0.52,0.16,0.5,0.0,0.49,0.39, negative
731,0.45,0.66,0.39,0.11,0.5,0.0,0.54,0.22, positive
732,0.32,0.49,0.53,0.28,0.5,0.0,0.5,0.5, negative
733,0.35,0.42,0.56,0.28,0.5,0.0,0.47,0.22, negative
734,0.47,0.47,0.54,0.19,0.5,0.0,0.51,0.33, negative
735,0.34,0.58,0.5,0.26,0.5,0.0,0.51,0.22, negative
736,0.55,0.45,0.58,0.25,0.5,0.0,0.49,0.22, negative
737,0.4,0.66,0.34,0.21,0.5,0.0,0.52,0.26, negative
738,0.42,0.21,0.59,0.3,0.5,0.0,0.47,0.27, negative
739,0.6,0.48,0.46,0.32,0.5,0.0,0.4,0.33, negative
740,0.64,0.44,0.51,0.35,0.5,0.0,0.53,0.22, negative
741,0.35,0.4,0.44,0.25,0.5,0.0,0.53,0.57, negative
742,0.55,0.38,0.64,0.42,0.5,0.0,0.47,0.22, negative
743,0.45,0.43,0.5,0.25,0.5,0.0,0.47,0.22, negative
744,0.47,0.53,0.48,0.51,0.5,0.0,0.54,0.22, negative
745,0.45,0.49,0.57,0.25,0.5,0.0,0.48,0.22, negative
746,0.45,0.52,0.5,0.12,0.5,0.0,0.6,0.22, negative
747,0.56,0.51,0.32,0.49,0.5,0.0,0.48,0.22, negative
748,0.47,0.45,0.51,0.33,0.5,0.0,0.46,0.26, negative
749,0.43,0.44,0.64,0.19,0.5,0.0,0.38,0.33, negative
750,0.38,0.4,0.59,0.25,0.5,0.0,0.44,0.22, negative
751,0.39,0.39,0.59,0.25,0.5,0.0,0.45,0.22, negative
752,0.54,0.55,0.56,0.14,0.5,0.0,0.5,0.25, negative
753,0.45,0.5,0.57,0.29,0.5,0.0,0.44,0.11, negative
754,0.43,0.33,0.54,0.37,0.5,0.0,0.38,0.16, negative
755,0.43,0.33,0.54,0.37,0.5,0.0,0.38,0.16, negative
756,0.51,0.39,0.58,0.19,0.5,0.0,0.47,0.22, negative
757,0.72,0.51,0.52,0.08,0.5,0.0,0.54,0.22, negative
758,0.56,0.49,0.54,0.15,0.5,0.0,0.5,0.35, negative
759,0.57,0.37,0.43,0.27,0.5,0.0,0.53,0.28, negative
760,0.57,0.49,0.61,0.26,0.5,0.0,0.52,0.22, negative
761,0.48,0.45,0.63,0.19,0.5,0.0,0.58,0.22, negative
762,0.54,0.57,0.55,0.18,0.5,0.0,0.5,0.22, negative
763,0.38,0.44,0.55,0.44,0.5,0.0,0.47,0.51, negative
764,0.4,0.3,0.57,0.13,0.5,0.0,0.46,0.22, negative
765,0.27,0.31,0.55,0.13,0.5,0.0,0.5,0.22, negative
766,0.52,0.46,0.56,0.25,0.5,0.0,0.52,0.22, negative
767,0.34,0.47,0.48,0.32,0.5,0.0,0.42,0.22, negative
768,0.5,0.56,0.63,0.25,0.5,0.0,0.42,0.22, negative
769,0.46,0.53,0.47,0.37,0.5,0.0,0.51,0.36, negative
770,0.57,0.42,0.63,0.22,0.5,0.0,0.68,0.32, negative
771,0.37,0.45,0.53,0.14,0.5,0.0,0.49,0.22, negative
772,0.36,0.49,0.55,0.21,0.5,0.0,0.55,0.33, negative
773,0.29,0.4,0.5,0.16,0.5,0.0,0.51,0.34, negative
774,0.37,0.3,0.51,0.15,0.5,0.0,0.58,0.26, negative
775,0.35,0.33,0.48,0.42,0.5,0.0,0.47,0.43, negative
776,0.46,0.35,0.69,0.18,0.5,0.0,0.3,0.25, negative
777,0.46,0.35,0.69,0.18,0.5,0.0,0.3,0.25, negative
778,0.57,0.43,0.52,0.3,0.5,0.0,0.37,0.11, negative
779,0.57,0.43,0.52,0.3,0.5,0.0,0.37,0.11, negative
780,0.59,0.51,0.48,0.12,0.5,0.0,0.54,0.31, negative
781,0.59,0.51,0.48,0.12,0.5,0.0,0.54,0.31, negative
782,0.61,0.53,0.59,0.17,0.5,0.0,0.44,0.28, negative
783,0.61,0.48,0.56,0.19,0.5,0.0,0.53,0.31, negative
784,0.61,0.48,0.56,0.19,0.5,0.0,0.53,0.31, negative
785,0.44,0.56,0.52,0.18,0.5,0.0,0.5,0.11, negative
786,0.37,0.44,0.64,0.48,0.5,0.0,0.36,0.27, negative
787,0.72,0.37,0.63,0.38,0.5,0.0,0.4,0.14, negative
788,0.72,0.37,0.63,0.38,0.5,0.0,0.4,0.14, negative
789,0.44,0.36,0.64,0.45,0.5,0.0,0.53,0.11, negative
790,0.58,0.45,0.55,0.27,0.5,0.0,0.48,0.11, negative
791,0.43,0.33,0.67,0.12,0.5,0.0,0.43,0.23, negative
792,0.58,0.44,0.5,0.26,0.5,0.0,0.52,0.22, negative
793,0.38,0.43,0.53,0.22,0.5,0.0,0.48,0.11, negative
794,0.4,0.45,0.61,0.29,0.5,0.0,0.44,0.22, negative
795,0.4,0.45,0.61,0.29,0.5,0.0,0.44,0.22, negative
796,0.34,0.34,0.65,0.4,0.5,0.0,0.32,0.16, negative
797,0.34,0.34,0.65,0.4,0.5,0.0,0.32,0.16, negative
798,0.43,0.22,0.79,0.79,0.5,0.0,0.22,0.0, negative
799,0.35,0.21,1.0,0.8,0.5,0.0,0.13,0.01, negative
800,0.56,0.35,0.47,0.35,0.5,0.0,0.52,0.22, negative
801,0.54,0.44,0.55,0.48,0.5,0.0,0.47,0.22, negative
802,0.35,0.39,0.56,0.2,0.5,0.0,0.49,0.41, negative
803,0.48,0.46,0.58,0.16,0.5,0.0,0.45,0.22, negative
804,0.48,0.55,0.48,0.1,0.5,0.0,0.55,0.22, negative
805,0.69,0.54,0.55,0.23,0.5,0.0,0.73,0.22, negative
806,0.42,0.49,0.49,0.36,0.5,0.0,0.57,0.26, negative
807,0.44,0.62,0.53,0.27,0.5,0.0,0.49,0.22, negative
808,0.56,0.61,0.52,0.19,0.5,0.0,0.52,0.32, negative
809,0.46,0.33,0.45,0.22,0.5,0.0,0.41,0.37, negative
810,0.52,0.43,0.61,0.22,0.5,0.0,0.45,0.22, negative
811,0.32,0.44,0.54,0.21,0.5,0.0,0.4,0.19, negative
812,0.32,0.44,0.54,0.21,0.5,0.0,0.4,0.19, negative
813,0.48,0.41,0.52,0.33,0.5,0.0,0.51,0.26, negative
814,0.46,0.39,0.54,0.22,0.5,0.0,0.48,0.25, negative
815,0.46,0.39,0.54,0.22,0.5,0.0,0.48,0.25, negative
816,0.42,0.5,0.64,0.13,0.5,0.0,0.49,0.22, negative
817,0.46,0.54,0.59,0.41,0.5,0.0,0.53,0.21, negative
818,0.46,0.54,0.59,0.41,0.5,0.0,0.53,0.21, negative
819,0.39,0.65,0.57,0.19,0.5,0.0,0.44,0.25, negative
820,0.39,0.65,0.57,0.19,0.5,0.0,0.43,0.25, negative
821,0.38,0.5,0.52,0.44,0.5,0.0,0.54,0.11, negative
822,0.38,0.5,0.52,0.44,0.5,0.0,0.54,0.11, negative
823,0.51,0.52,0.58,0.17,0.5,0.0,0.47,0.28, negative
824,0.57,0.48,0.54,0.22,0.5,0.0,0.5,0.11, negative
825,0.5,0.5,0.62,0.23,0.5,0.0,0.35,0.11, negative
826,0.53,0.57,0.6,0.36,0.5,0.0,0.5,0.22, negative
827,0.37,0.3,0.62,0.43,0.5,0.0,0.44,0.39, negative
828,0.6,0.57,0.52,0.14,0.5,0.0,0.46,0.48, negative
829,0.42,0.38,0.52,0.29,0.5,0.0,0.42,0.22, negative
830,0.49,0.4,0.58,0.23,0.5,0.0,0.47,0.27, negative
831,0.37,0.37,0.51,0.38,0.5,0.0,0.44,0.22, negative
832,0.57,0.5,0.4,0.08,0.5,0.0,0.47,0.22, positive
833,0.34,0.25,0.55,0.28,0.5,0.0,0.51,0.49, negative
834,0.77,0.86,0.44,0.27,0.5,0.0,0.48,0.22, negative
835,0.59,0.54,0.53,0.14,0.5,0.0,0.48,0.22, negative
836,0.5,0.48,0.48,0.23,0.5,0.0,0.53,0.68, negative
837,0.39,1.0,0.38,0.41,0.5,0.0,0.5,0.27, negative
838,0.56,0.42,0.52,0.14,0.5,0.0,0.51,0.22, negative
839,0.52,0.54,0.47,0.49,0.5,0.0,0.54,0.22, negative
840,0.56,0.65,0.49,0.56,0.5,0.0,0.49,0.22, negative
841,0.54,0.64,0.4,0.56,0.5,0.0,0.51,0.22, negative
842,0.47,0.58,0.47,0.52,0.5,0.0,0.54,0.22, negative
843,0.46,0.42,0.51,0.16,0.5,0.0,0.56,0.22, negative
844,0.55,0.52,0.44,0.2,0.5,0.0,0.56,0.22, negative
845,0.49,0.38,0.56,0.09,0.5,0.0,0.46,0.22, negative
846,0.38,0.4,0.53,0.12,0.5,0.0,0.55,0.22, negative
847,0.55,0.55,0.52,0.13,0.5,0.0,0.53,0.25, negative
848,0.46,0.44,0.58,0.17,0.5,0.0,0.55,0.22, negative
849,0.34,0.46,0.52,0.19,0.5,0.0,0.53,0.26, negative
850,0.44,0.71,0.5,0.21,0.5,0.0,0.54,0.27, negative
851,0.56,0.49,0.32,0.22,0.5,0.0,0.5,0.22, negative
852,0.41,0.49,0.47,0.09,0.5,0.0,0.49,0.22, negative
853,0.44,0.51,0.53,0.3,0.5,0.0,0.53,0.22, negative
854,0.51,0.51,0.32,0.27,0.5,0.0,0.54,0.22, positive
855,0.46,0.38,0.51,0.2,0.5,0.0,0.51,0.22, negative
856,0.55,0.72,0.35,0.26,0.5,0.0,0.49,0.22, positive
857,0.65,0.66,0.37,0.12,0.5,0.0,0.52,0.27, positive
858,0.41,0.4,0.56,0.17,0.5,0.0,0.56,0.22, negative
859,0.39,0.71,0.38,0.14,0.5,0.0,0.5,0.22, negative
860,0.37,0.42,0.46,0.15,0.5,0.0,0.51,0.31, negative
861,0.59,0.55,0.57,0.18,0.5,0.0,0.51,0.22, negative
862,0.48,0.51,0.5,0.24,0.5,0.0,0.54,0.38, negative
863,0.39,0.3,0.63,0.2,0.5,0.0,0.43,0.47, negative
864,0.47,0.52,0.54,0.25,0.5,0.0,0.54,0.29, negative
865,0.77,0.82,0.4,0.36,0.5,0.0,0.38,0.22, negative
866,0.42,0.28,0.33,0.23,0.5,0.0,0.39,0.26, positive
867,0.48,0.5,0.47,0.29,0.5,0.0,0.46,0.27, negative
868,0.54,0.59,0.57,0.34,0.5,0.0,0.49,0.22, negative
869,0.7,0.78,0.53,0.24,0.5,0.0,0.48,0.22, negative
870,0.85,0.69,0.34,0.31,0.5,0.0,0.57,0.3, negative
871,0.47,0.56,0.53,0.44,0.5,0.0,0.53,0.22, negative
872,0.53,0.49,0.47,0.21,0.5,0.0,0.53,0.22, negative
873,0.7,0.57,0.34,0.19,0.5,0.0,0.53,0.27, negative
874,0.42,0.43,0.67,0.7,0.5,0.0,0.42,0.25, negative
875,0.47,0.44,0.53,0.18,0.5,0.0,0.47,0.29, negative
876,0.4,0.49,0.53,0.23,0.5,0.0,0.44,0.26, negative
877,0.42,0.42,0.55,0.31,0.5,0.0,0.43,0.22, negative
878,0.42,0.28,0.49,0.22,0.5,0.0,0.55,0.34, negative
879,0.47,0.5,0.47,0.22,0.5,0.0,0.53,0.45, negative
880,0.56,0.55,0.57,0.15,0.5,0.0,0.54,0.25, negative
881,0.32,0.6,0.48,0.13,0.5,0.0,0.53,0.22, negative
882,0.46,0.56,0.56,0.25,0.5,0.0,0.43,0.22, negative
883,0.47,0.55,0.57,0.17,0.5,0.0,0.52,0.66, negative
884,0.37,0.55,0.52,0.13,0.5,0.0,0.42,0.8, negative
885,0.46,0.48,0.38,0.22,0.5,0.0,0.39,0.45, positive
886,0.8,0.69,0.53,0.33,0.5,0.0,0.51,0.22, negative
887,0.52,0.65,0.36,0.37,0.5,0.0,0.52,0.34, positive
888,0.19,0.16,0.68,0.36,0.5,0.0,0.49,0.21, negative
889,0.64,0.31,0.53,0.15,0.5,0.0,0.53,0.31, negative
890,0.4,0.43,0.36,0.33,0.5,0.0,0.51,0.22, positive
891,0.47,0.56,0.51,0.2,0.5,0.0,0.52,0.59, negative
892,0.48,0.55,0.58,0.18,0.5,0.0,0.38,0.69, negative
893,0.57,0.51,0.34,0.13,0.5,0.0,0.53,0.27, negative
894,0.23,0.37,0.32,0.13,0.5,0.0,0.53,0.22, negative
895,0.54,0.5,0.51,0.26,0.5,0.0,0.52,0.22, negative
896,0.27,0.41,0.24,0.2,0.5,0.0,0.49,0.22, positive
897,0.25,0.35,0.22,0.18,0.5,0.0,0.46,0.22, positive
898,0.39,0.45,0.51,0.29,0.5,0.0,0.54,0.22, negative
899,0.33,0.47,0.55,0.24,0.5,0.0,0.45,0.67, negative
900,0.37,0.4,0.38,0.18,0.5,0.0,0.51,0.22, positive
901,0.43,0.47,0.47,0.18,0.5,0.0,0.47,0.22, negative
902,0.66,0.43,0.57,0.6,0.5,0.0,0.19,0.33, negative
903,0.33,0.46,0.6,0.18,0.5,0.0,0.51,0.26, negative
904,0.51,0.5,0.54,0.11,0.5,0.0,0.6,0.22, negative
905,0.54,0.6,0.57,0.17,0.5,0.0,0.44,0.22, negative
906,0.45,0.57,0.38,0.28,0.5,0.0,0.53,0.31, positive
907,0.54,0.47,0.58,0.4,0.5,0.0,0.46,0.27, negative
908,0.46,0.41,0.45,0.23,0.5,0.0,0.48,0.22, negative
909,0.4,0.39,0.6,0.23,0.5,0.0,0.52,0.31, negative
910,0.52,0.47,0.58,0.18,0.5,0.0,0.34,0.11, negative
911,0.52,0.47,0.58,0.18,0.5,0.0,0.34,0.11, negative
912,0.5,0.45,0.51,0.19,0.5,0.0,0.53,0.25, negative
913,0.57,0.55,0.51,0.18,0.5,0.0,0.51,0.43, negative
914,0.44,0.43,0.46,0.28,0.5,0.0,0.45,0.29, negative
915,0.46,0.5,0.5,0.28,0.5,0.0,0.5,0.37, negative
916,0.77,0.73,0.49,0.46,0.5,0.0,0.38,0.22, negative
917,0.38,0.58,0.46,0.21,0.5,0.0,0.52,0.22, negative
918,0.32,0.68,0.51,0.16,0.5,0.83,0.55,0.22, negative
919,0.27,0.46,0.52,0.17,0.5,0.0,0.49,0.44, negative
920,0.52,0.45,0.45,0.13,0.5,0.0,0.48,0.22, negative
921,0.37,0.29,0.45,0.15,0.5,0.0,0.49,0.22, negative
922,0.37,0.48,0.67,0.37,0.5,0.0,0.56,0.62, negative
923,0.44,0.59,0.54,0.18,0.5,0.0,0.49,0.22, negative
924,0.48,0.65,0.36,0.24,0.5,0.0,0.54,0.31, negative
925,0.59,0.49,0.45,0.22,0.5,0.0,0.45,0.31, negative
926,0.73,0.52,0.59,0.25,0.5,0.0,0.51,0.22, negative
927,0.5,0.43,0.5,0.17,0.5,0.0,0.46,0.47, negative
928,0.23,0.13,0.51,0.16,0.5,0.0,0.53,0.51, negative
929,0.52,0.31,0.56,0.16,0.5,0.0,0.55,0.22, negative
930,0.49,0.6,0.42,0.18,0.5,0.0,0.58,0.28, negative
931,0.6,0.62,0.54,0.11,0.5,0.0,0.51,0.22, negative
932,0.55,0.47,0.53,0.2,0.5,0.0,0.4,0.22, negative
933,0.47,0.32,0.51,0.24,0.5,0.0,0.54,0.27, negative
934,0.53,0.25,0.59,0.27,0.5,0.0,0.45,0.26, negative
935,0.31,0.5,0.54,0.32,0.5,0.0,0.53,0.31, negative
936,0.25,0.33,0.48,0.18,0.5,0.0,0.42,0.33, negative
937,0.55,0.46,0.47,0.15,0.5,0.0,0.47,0.22, positive
938,0.61,0.5,0.61,0.21,0.5,0.0,0.55,0.54, negative
939,0.5,0.52,0.51,0.22,0.5,0.0,0.46,0.37, negative
940,0.62,0.33,0.49,0.24,0.5,0.0,0.51,0.42, negative
941,0.56,0.52,0.46,0.17,0.5,0.0,0.49,0.73, negative
942,0.52,0.56,0.55,0.16,0.5,0.0,0.53,0.39, negative
943,0.53,0.48,0.51,0.18,0.5,0.0,0.52,0.27, negative
944,0.51,0.48,0.51,0.26,0.5,0.0,0.51,0.27, negative
945,0.53,0.48,0.51,0.18,0.5,0.0,0.51,0.27, negative
946,0.44,0.39,0.63,0.11,0.5,0.0,0.49,0.26, negative
947,0.51,0.5,0.49,0.45,0.5,0.0,0.48,0.22, negative
948,0.38,0.42,0.47,0.12,0.5,0.0,0.47,0.53, negative
949,0.19,0.66,0.6,0.14,0.5,0.0,0.2,0.25, negative
950,0.25,0.42,0.21,0.14,0.5,0.0,0.41,0.22, positive
951,0.7,0.58,0.53,0.39,0.5,0.0,0.59,0.22, negative
952,0.4,0.65,0.38,0.17,0.5,0.0,0.57,0.22, positive
953,0.36,0.37,0.63,0.25,0.5,0.0,0.3,0.22, negative
954,0.49,0.55,0.41,0.19,0.5,0.0,0.48,0.31, positive
955,0.3,0.45,0.55,0.19,0.5,0.0,0.53,0.4, negative
956,0.88,0.72,0.32,0.3,0.5,0.0,0.52,0.33, negative
957,0.45,0.57,0.52,0.21,0.5,0.0,0.54,0.38, negative
958,0.46,0.61,0.38,0.35,0.5,0.0,0.49,0.22, positive
959,0.55,0.41,0.67,0.61,0.5,0.0,0.49,0.14, negative
960,0.28,0.18,0.72,0.26,0.5,0.0,0.49,0.25, negative
961,0.66,0.65,0.53,0.17,0.5,0.0,0.47,0.66, negative
962,0.48,0.54,0.56,0.29,0.5,0.0,0.51,0.43, negative
963,0.33,0.37,0.49,0.22,0.5,0.0,0.55,0.22, negative
964,0.58,0.43,0.32,0.11,0.5,0.0,0.49,0.22, negative
965,0.74,0.82,0.46,0.24,0.5,0.0,0.5,0.31, negative
966,0.75,0.76,0.58,0.22,0.5,0.0,0.49,0.22, negative
967,0.58,0.37,0.58,0.16,0.5,0.0,0.51,0.22, negative
968,0.51,0.59,0.55,0.21,0.5,0.0,0.52,0.22, negative
969,0.43,0.28,0.41,0.32,0.5,0.0,0.52,0.22, positive
970,0.41,0.49,0.55,0.13,0.5,0.0,0.55,0.22, negative
971,0.23,0.29,0.46,0.0,0.5,0.0,0.43,0.31, negative
972,0.25,0.48,0.45,0.32,0.5,0.0,0.4,0.22, negative
973,0.38,0.34,0.55,0.44,0.5,0.0,0.48,0.26, negative
974,0.61,0.54,0.54,0.38,0.5,0.0,0.54,0.29, negative
975,0.48,0.17,0.37,0.33,0.5,0.0,0.44,0.36, negative
976,0.47,0.47,0.5,0.19,0.5,0.0,0.51,0.26, negative
977,0.55,0.38,0.52,0.16,0.5,0.0,0.49,0.64, negative
978,0.41,0.39,0.61,0.17,0.5,0.0,0.5,0.61, negative
979,0.41,0.56,0.53,0.16,0.5,0.0,0.55,0.26, negative
980,0.78,0.73,0.27,0.28,0.5,0.0,0.56,0.22, negative
981,0.31,0.4,0.31,0.17,0.5,0.0,0.52,0.22, positive
982,0.44,0.65,0.49,0.16,0.5,0.0,0.48,0.31, negative
983,0.48,0.44,0.46,0.37,0.5,0.0,0.46,0.36, negative
984,0.5,0.49,0.46,0.22,0.5,0.0,0.53,0.25, negative
985,0.62,0.42,0.47,0.16,0.5,0.0,0.52,0.22, negative
986,0.5,0.45,0.52,0.18,0.5,0.0,0.52,0.22, negative
987,0.59,0.51,0.47,0.21,0.5,0.0,0.47,0.22, negative
988,0.39,0.47,0.49,0.2,0.5,0.0,0.53,0.26, negative
989,0.49,0.48,0.52,0.24,0.5,0.0,0.5,0.22, negative
990,0.59,0.48,0.49,0.42,0.5,0.0,0.52,0.22, negative
991,0.57,0.35,0.5,0.43,0.5,0.0,0.53,0.22, negative
992,0.61,0.52,0.5,0.44,0.5,0.0,0.53,0.22, negative
993,0.49,0.51,0.52,0.13,0.5,0.0,0.51,0.33, negative
994,0.45,0.4,0.56,0.15,0.5,0.0,0.52,0.22, negative
995,0.63,0.43,0.48,0.11,0.5,0.0,0.51,0.22, negative
996,0.52,0.45,0.53,0.34,0.5,0.0,0.52,0.44, negative
997,0.54,0.48,0.55,0.33,0.5,0.0,0.55,0.4, negative
998,0.55,0.79,0.45,0.25,0.5,0.0,0.51,0.22, negative
999,0.58,0.51,0.63,0.2,0.5,0.0,0.5,0.42, negative
1000,0.63,0.58,0.57,0.1,0.5,0.0,0.52,0.33, negative
1001,0.54,0.67,0.56,0.15,0.5,0.0,0.57,0.33, negative
1002,0.41,0.59,0.65,0.14,0.5,0.0,0.49,0.33, negative
1003,0.47,0.38,0.5,0.15,0.5,0.0,0.49,0.47, negative
1004,0.33,0.17,0.52,0.13,0.5,0.0,0.51,0.75, negative
1005,0.42,0.5,0.59,0.17,0.5,0.0,0.51,0.22, negative
1006,0.54,0.55,0.55,0.4,0.5,0.0,0.53,0.22, negative
1007,0.31,0.31,0.57,0.15,0.5,0.0,0.5,0.22, negative
1008,0.38,0.42,0.5,0.19,0.5,0.0,0.44,0.22, negative
1009,0.33,0.36,0.62,0.26,0.5,0.0,0.55,0.22, negative
1010,0.38,0.42,0.5,0.19,0.5,0.0,0.44,0.22, negative
1011,0.47,0.56,0.58,0.19,0.5,0.0,0.44,0.64, negative
1012,0.32,0.32,0.52,0.18,0.5,0.0,0.48,0.34, negative
1013,0.28,0.27,0.5,0.14,0.5,0.0,0.5,0.28, negative
1014,0.41,0.46,0.57,0.25,0.5,0.0,0.57,0.38, negative
1015,0.44,0.54,0.51,0.16,0.5,0.0,0.58,0.22, negative
1016,0.44,0.55,0.51,0.16,0.5,0.0,0.6,0.22, negative
1017,0.4,0.56,0.53,0.15,0.5,0.0,0.49,0.22, negative
1018,0.79,0.79,0.42,0.26,0.5,0.0,0.6,0.22, negative
1019,0.8,0.83,0.43,0.24,0.5,0.0,0.54,0.22, negative
1020,0.55,0.69,0.51,0.12,0.5,0.0,0.51,0.22, negative
1021,0.47,0.46,0.53,0.12,0.5,0.0,0.51,0.25, negative
1022,0.57,0.29,0.63,0.22,0.5,0.0,0.49,0.27, negative
1023,0.52,0.49,0.59,0.21,0.5,0.0,0.47,0.22, negative
1024,0.41,0.42,0.53,0.17,0.5,0.0,0.48,0.58, negative
1025,0.45,0.36,0.5,0.19,0.5,0.0,0.53,0.7, negative
1026,0.49,0.5,0.42,0.43,0.5,0.0,0.5,0.36, negative
1027,0.44,0.49,0.49,0.27,0.5,0.0,0.52,0.22, negative
1028,0.25,0.26,0.53,0.17,0.5,0.0,0.45,0.22, negative
1029,0.49,0.46,0.54,0.18,0.5,0.0,0.35,0.22, negative
1030,0.42,0.37,0.54,0.17,0.5,0.0,0.51,0.22, negative
1031,0.42,0.45,0.75,0.21,0.5,0.0,0.48,0.22, negative
1032,0.63,0.54,0.53,0.27,0.5,0.0,0.49,0.22, negative
1033,0.54,0.43,0.48,0.27,0.5,0.0,0.44,0.41, negative
1034,0.4,0.44,0.5,0.13,0.5,0.0,0.52,0.39, negative
1035,0.55,0.39,0.39,0.47,0.5,0.0,0.5,0.83, positive
1036,0.59,0.48,0.41,0.53,0.5,0.0,0.48,0.56, positive
1037,0.49,0.38,0.49,0.15,0.5,0.0,0.53,0.25, negative
1038,0.53,0.45,0.52,0.29,0.5,0.0,0.55,0.38, negative
1039,0.33,0.46,0.53,0.12,0.5,0.0,0.5,0.27, negative
1040,0.57,0.36,0.51,0.25,0.5,0.0,0.54,0.25, negative
1041,0.59,0.64,0.44,0.26,0.5,0.0,0.5,0.22, negative
1042,0.5,0.5,0.48,0.34,0.5,0.0,0.52,0.27, negative
1043,0.52,0.5,0.6,0.2,0.5,0.0,0.52,0.22, negative
1044,0.59,0.46,0.57,0.17,0.5,0.0,0.52,0.22, negative
1045,0.53,0.42,0.53,0.19,0.5,0.0,0.47,0.22, negative
1046,0.59,0.46,0.55,0.17,0.5,0.0,0.52,0.25, negative
1047,0.61,0.73,0.5,0.58,0.5,0.0,0.5,0.22, negative
1048,0.5,0.43,0.56,0.17,0.5,0.0,0.35,0.22, negative
1049,0.36,0.52,0.61,0.33,0.5,0.0,0.52,0.37, negative
1050,0.52,0.51,0.48,0.12,0.5,0.0,0.54,0.31, negative
1051,0.56,0.46,0.51,0.25,0.5,0.0,0.54,0.22, negative
1052,0.47,0.46,0.49,0.27,0.5,0.0,0.59,0.22, negative
1053,0.43,0.48,0.36,0.26,0.5,0.0,0.52,0.22, positive
1054,0.5,0.44,0.57,0.28,0.5,0.0,0.57,0.22, negative
1055,0.46,0.47,0.62,0.3,0.5,0.0,0.38,0.22, negative
1056,0.59,0.7,0.46,0.19,0.5,0.0,0.54,0.44, negative
1057,0.27,0.43,0.5,0.13,0.5,0.0,0.54,0.31, negative
1058,0.42,0.46,0.44,0.17,0.5,0.0,0.51,0.42, negative
1059,0.49,0.36,0.47,0.28,0.5,0.0,0.56,0.54, negative
1060,0.34,0.42,0.48,0.19,0.5,0.0,0.46,0.31, negative
1061,0.6,0.57,0.63,0.22,0.5,0.0,0.5,0.49, negative
1062,0.53,0.44,0.54,0.52,0.5,0.0,0.49,0.38, negative
1063,0.48,0.39,0.56,0.23,0.5,0.0,0.6,0.22, negative
1064,0.47,0.59,0.56,0.09,0.5,0.0,0.5,0.22, negative
1065,0.4,0.28,0.58,0.44,0.5,0.0,0.41,0.22, negative
1066,0.5,0.47,0.45,0.14,0.5,0.0,0.53,0.32, positive
1067,0.55,0.49,0.6,0.18,0.5,0.0,0.51,0.22, negative
1068,0.55,0.44,0.5,0.09,0.5,0.0,0.55,0.22, negative
1069,0.66,0.37,0.6,0.25,0.5,0.0,0.69,0.22, negative
1070,0.51,0.49,0.48,0.55,0.5,0.0,0.52,0.58, negative
1071,0.44,0.35,0.55,0.14,0.5,0.0,0.52,0.22, negative
1072,0.6,0.37,0.52,0.15,0.5,0.0,0.55,0.26, negative
1073,0.48,0.58,0.58,0.12,0.5,0.0,0.49,0.22, negative
1074,0.57,0.54,0.32,0.15,0.5,0.0,0.52,0.25, negative
1075,0.4,0.36,0.32,0.16,0.5,0.0,0.51,0.27, negative
1076,0.5,0.55,0.52,0.16,0.5,0.0,0.51,0.31, negative
1077,0.65,0.63,0.47,0.22,0.5,0.0,0.52,0.27, negative
1078,0.25,0.4,0.54,0.16,0.5,0.0,0.43,0.22, negative
1079,0.63,0.56,0.52,0.21,0.5,0.0,0.5,0.22, negative
1080,0.56,0.68,0.42,0.36,0.5,0.0,0.49,0.22, negative
1081,0.57,0.47,0.48,0.17,0.5,0.0,0.52,0.26, negative
1082,0.46,0.52,0.51,0.13,0.5,0.0,0.47,0.22, negative
1083,0.5,0.4,0.57,0.17,0.5,0.0,0.59,0.22, negative
1084,0.78,0.71,0.35,0.25,0.5,0.0,0.49,0.22, negative
1085,0.64,0.56,0.52,0.17,0.5,0.0,0.54,0.47, negative
1086,1.0,0.8,0.29,0.36,0.5,0.0,0.52,0.22, negative
1087,0.51,0.39,0.56,0.55,0.5,0.0,0.46,0.64, negative
1088,0.69,0.66,0.36,0.09,0.5,0.0,0.56,0.22, negative
1089,0.49,0.53,0.36,0.15,0.5,0.0,0.52,0.27, positive
1090,0.39,0.63,0.41,0.27,0.5,0.0,0.49,0.22, positive
1091,0.45,0.51,0.43,0.22,0.5,0.0,0.57,0.22, negative
1092,0.77,0.78,0.27,0.37,0.5,0.0,0.49,0.22, negative
1093,0.88,0.75,0.41,0.36,0.5,0.0,0.43,0.22, negative
1094,0.49,0.49,0.4,0.2,0.5,0.0,0.48,0.26, positive
1095,0.57,0.53,0.6,0.28,0.5,0.0,0.52,0.45, negative
1096,0.53,0.52,0.49,0.27,0.5,0.0,0.51,0.22, negative
1097,0.33,0.49,0.46,0.22,0.5,0.0,0.53,0.33, positive
1098,0.45,0.39,0.46,0.29,0.5,0.0,0.42,0.22, negative
1099,0.26,0.3,0.37,0.15,0.5,0.0,0.53,0.25, positive
1100,0.28,0.41,0.46,0.18,0.5,0.0,0.47,0.39, negative
1101,0.45,0.5,0.43,0.16,0.5,0.0,0.52,0.28, positive
1102,0.24,0.25,0.57,0.28,0.5,0.0,0.51,0.11, negative
1103,0.46,0.61,0.55,0.29,0.5,0.0,0.49,0.22, negative
1104,0.22,0.53,0.36,0.22,0.5,0.0,0.54,0.31, positive
1105,0.25,0.41,0.47,0.14,0.5,0.0,0.56,0.68, negative
1106,0.43,0.41,0.37,0.18,0.5,0.0,0.54,0.31, positive
1107,0.4,0.44,0.47,0.25,0.5,0.0,0.54,0.56, negative
1108,0.46,0.59,0.38,0.12,0.5,0.0,0.5,0.22, positive
1109,0.29,0.39,0.46,0.36,0.5,0.0,0.51,0.22, negative
1110,0.4,0.4,0.43,0.19,0.5,0.83,0.48,0.22, negative
1111,0.57,0.52,0.46,0.2,0.5,0.83,0.52,0.41, negative
1112,0.77,0.7,0.37,0.12,0.5,0.0,0.49,0.26, negative
1113,0.47,0.61,0.32,0.27,0.5,0.0,0.5,0.3, positive
1114,0.71,0.51,0.49,0.23,0.5,0.0,0.3,0.32, negative
1115,0.59,0.48,0.49,0.49,0.5,0.0,0.36,0.32, negative
1116,0.58,0.63,0.52,0.7,0.5,0.0,0.46,0.22, negative
1117,0.3,0.68,0.41,0.17,0.5,0.0,0.51,0.22, positive
1118,0.74,0.73,0.32,0.2,0.5,0.0,0.55,0.22, negative
1119,0.55,0.35,0.36,0.29,0.5,0.0,0.51,0.22, positive
1120,0.35,0.32,0.31,0.16,0.5,0.0,0.56,0.22, positive
1121,0.67,0.61,0.39,0.24,0.5,0.0,0.51,0.22, positive
1122,0.69,0.57,0.39,0.19,0.5,0.0,0.48,0.39, negative
1123,0.47,0.41,0.53,0.27,0.5,0.0,0.47,0.25, negative
1124,0.39,0.56,0.34,0.18,0.5,0.0,0.49,0.22, positive
1125,0.51,0.38,0.42,0.21,0.5,0.0,0.46,0.34, positive
1126,0.32,0.45,0.39,0.14,0.5,0.0,0.45,0.22, positive
1127,0.75,0.73,0.35,0.33,0.5,0.0,0.49,0.28, negative
1128,0.54,0.54,0.56,0.18,0.5,0.0,0.46,0.29, negative
1129,0.71,0.64,0.42,0.28,0.5,0.0,0.43,0.22, negative
1130,0.28,0.48,0.36,0.16,0.5,0.0,0.53,0.22, positive
1131,0.58,0.44,0.45,0.32,0.5,0.0,0.52,0.37, negative
1132,0.52,0.65,0.36,0.26,0.5,0.0,0.44,0.22, positive
1133,0.64,0.44,0.56,0.15,0.5,0.0,0.56,0.22, negative
1134,0.48,0.58,0.47,0.17,0.5,0.0,0.53,0.74, negative
1135,0.4,0.4,0.44,0.37,0.5,0.0,0.53,0.25, negative
1136,0.38,0.56,0.38,0.16,0.5,0.0,0.53,0.22, positive
1137,0.8,0.79,0.43,0.25,0.5,0.0,0.52,0.22, negative
1138,0.63,0.65,0.42,0.18,0.5,0.0,0.54,0.27, positive
1139,0.47,0.4,0.63,0.19,0.5,0.0,0.52,0.32, negative
1140,0.83,0.94,0.32,0.21,0.5,0.0,0.51,0.22, negative
1141,0.39,0.33,0.33,0.23,0.5,0.0,0.47,0.22, positive
1142,0.5,0.63,0.45,0.13,0.5,0.0,0.45,0.32, positive
1143,0.2,0.6,0.5,0.29,0.5,0.0,0.51,0.22, positive
1144,0.29,0.26,0.43,0.17,0.5,0.0,0.55,0.3, positive
1145,0.92,0.66,0.52,0.23,0.5,0.0,0.53,0.22, negative
1146,0.49,0.56,0.37,0.2,0.5,0.0,0.53,0.22, positive
1147,0.86,0.78,0.34,0.15,0.5,0.0,0.53,0.22, negative
1148,0.38,0.44,0.57,0.14,0.5,0.0,0.53,0.52, negative
1149,0.72,0.73,0.41,0.28,0.5,0.0,0.44,0.22, negative
1150,0.8,0.73,0.47,0.19,0.5,0.0,0.49,0.22, negative
1151,0.49,0.55,0.35,0.23,0.5,0.0,0.57,0.22, positive
1152,0.63,0.71,0.44,0.53,0.5,0.0,0.52,0.22, negative
1153,0.6,0.68,0.3,0.27,0.5,0.0,0.55,0.22, positive
1154,0.4,0.43,0.49,0.17,0.5,0.0,0.51,0.36, negative
1155,0.51,0.59,0.46,0.13,0.5,0.0,0.48,0.22, negative
1156,0.52,0.46,0.34,0.2,0.5,0.0,0.51,0.25, positive
1157,0.34,0.24,0.51,0.15,0.5,0.0,0.54,0.4, negative
1158,0.35,0.29,0.46,0.14,0.5,0.0,0.54,0.66, negative
1159,0.58,0.67,0.49,0.16,0.5,0.0,0.47,0.28, negative
1160,0.85,0.85,0.3,0.31,0.5,0.0,0.55,0.42, negative
1161,0.41,0.25,0.59,0.44,0.5,0.0,0.6,0.69, negative
1162,0.3,0.37,0.4,0.45,0.5,0.0,0.48,0.41, positive
1163,0.38,0.4,0.39,0.19,0.5,0.0,0.46,0.62, negative
1164,0.47,0.38,0.58,0.19,0.5,0.0,0.57,0.22, negative
1165,0.5,0.61,0.44,0.2,0.5,0.0,0.49,0.22, negative
1166,0.41,0.45,0.46,0.23,0.5,0.0,0.5,0.7, negative
1167,0.46,0.62,0.46,0.54,0.5,0.0,0.51,0.27, negative
1168,0.52,0.53,0.58,0.69,0.5,0.0,0.5,0.22, negative
1169,0.41,0.47,0.5,0.14,0.5,0.0,0.53,0.37, negative
1170,0.25,0.4,0.52,0.15,0.5,0.0,0.56,0.28, negative
1171,0.58,0.56,0.38,0.39,0.5,0.0,0.54,0.57, negative
1172,0.39,0.58,0.47,0.18,0.5,0.0,0.48,0.22, negative
1173,0.38,0.47,0.47,0.18,0.5,0.0,0.44,0.26, negative
1174,0.63,0.57,0.5,0.48,0.5,0.0,0.51,0.22, negative
1175,0.51,0.45,0.62,0.25,0.5,0.0,0.59,0.22, negative
1176,0.59,0.67,0.54,0.19,0.5,0.0,0.48,0.6, negative
1177,0.6,0.61,0.54,0.11,0.5,0.0,0.46,0.22, negative
1178,0.48,0.61,0.57,0.17,0.5,0.0,0.45,0.22, negative
1179,0.71,0.5,0.5,0.18,0.5,0.0,0.46,0.22, negative
1180,0.61,0.48,0.54,0.25,0.5,0.0,0.5,0.22, negative
1181,0.38,0.32,0.64,0.41,0.5,0.0,0.44,0.11, negative
1182,0.38,0.4,0.66,0.35,0.5,0.0,0.43,0.11, negative
1183,0.81,0.62,0.43,0.17,0.5,0.0,0.53,0.22, negative
1184,0.47,0.43,0.61,0.4,0.5,0.0,0.48,0.47, negative
1185,0.67,0.57,0.36,0.19,0.5,0.0,0.56,0.22, negative
1186,0.65,0.54,0.54,0.13,0.5,0.0,0.53,0.22, negative
1187,0.58,0.61,0.47,0.13,0.5,0.0,0.48,0.22, negative
1188,0.43,0.67,0.48,0.27,0.5,0.0,0.53,0.22, negative
1189,0.43,0.39,0.54,0.21,0.5,0.0,0.53,0.27, negative
1190,0.6,0.4,0.52,0.46,0.5,0.0,0.53,0.22, negative
1191,0.57,0.47,0.6,0.18,0.5,0.0,0.51,0.22, negative
1192,0.63,0.67,0.57,0.24,0.5,0.0,0.49,0.22, negative
1193,0.8,0.88,0.36,0.39,0.5,0.0,0.56,0.33, negative
1194,0.74,0.67,0.47,0.34,0.5,0.0,0.42,0.22, negative
1195,0.72,0.61,0.45,0.3,0.5,0.0,0.54,0.25, negative
1196,0.4,0.45,0.57,0.18,0.5,0.0,0.56,0.26, negative
1197,0.86,0.74,0.51,0.4,0.5,0.0,0.55,0.22, negative
1198,0.79,0.57,0.41,0.28,0.5,0.0,0.59,0.22, negative
1199,0.37,0.36,0.56,0.18,0.5,0.0,0.48,0.26, negative
1200,0.45,0.58,0.48,0.67,0.5,0.0,0.52,0.22, negative
1201,0.41,0.46,0.59,0.19,0.5,0.0,0.58,0.27, negative
1202,0.54,0.48,0.44,0.08,0.5,0.0,0.52,0.27, negative
1203,0.81,0.85,0.47,0.37,0.5,0.0,0.56,0.22, negative
1204,0.49,0.42,0.56,0.55,0.5,0.0,0.42,0.25, negative
1205,0.63,0.53,0.54,0.4,0.5,0.0,0.5,0.22, negative
1206,0.5,0.58,0.46,0.46,0.5,0.0,0.46,0.22, negative
1207,0.67,0.62,0.4,0.43,0.5,0.83,0.5,0.22, negative
1208,0.42,0.47,0.52,0.41,0.5,0.0,0.53,0.32, negative
1209,0.33,0.43,0.64,0.16,0.5,0.0,0.52,0.52, negative
1210,0.61,0.72,0.39,0.33,0.5,0.0,0.58,0.22, negative
1211,0.42,0.35,0.54,0.18,0.5,0.0,0.56,0.22, negative
1212,0.55,0.53,0.55,0.46,0.5,0.0,0.52,0.22, negative
1213,0.67,0.62,0.54,0.43,0.5,0.0,0.53,0.22, negative
1214,0.35,0.58,0.54,0.16,0.5,0.0,0.51,0.22, negative
1215,0.48,0.54,0.5,0.17,0.5,0.0,0.53,0.22, negative
1216,0.42,0.43,0.56,0.1,0.5,0.0,0.49,0.22, negative
1217,0.49,0.47,0.53,0.16,0.5,0.0,0.48,0.27, negative
1218,0.71,0.59,0.48,0.43,0.5,0.0,0.59,0.22, negative
1219,0.4,0.42,0.71,0.21,0.5,0.0,0.54,0.32, negative
1220,0.42,0.51,0.5,0.12,0.5,0.0,0.52,0.46, negative
1221,0.48,0.64,0.61,0.23,0.5,0.0,0.6,0.22, negative
1222,0.32,0.57,0.5,0.15,0.5,0.0,0.53,0.22, negative
1223,0.59,0.5,0.52,0.28,0.5,0.0,0.55,0.25, negative
1224,0.61,0.72,0.31,0.33,0.5,0.0,0.56,0.22, negative
1225,0.52,0.56,0.54,0.53,0.5,0.0,0.45,0.22, negative
1226,0.58,0.58,0.58,0.49,0.5,0.0,0.49,0.26, negative
1227,0.46,0.43,0.38,0.33,0.5,0.0,0.48,0.28, negative
1228,0.42,0.31,0.62,0.12,0.5,0.0,0.4,0.22, negative
1229,0.49,0.46,0.45,0.45,0.5,0.0,0.52,0.22, negative
1230,0.35,0.66,0.49,0.21,0.5,0.0,0.54,0.25, negative
1231,0.52,0.4,0.6,0.12,0.5,0.0,0.55,0.22, negative
1232,0.77,0.79,0.58,0.23,0.5,0.0,0.48,0.22, negative
1233,0.78,0.74,0.58,0.25,1.0,0.0,0.53,0.22, negative
1234,0.57,0.41,0.59,0.24,0.5,0.0,0.4,0.22, negative
1235,0.38,0.51,0.75,0.17,0.5,0.0,0.55,0.22, negative
1236,0.38,0.51,0.75,0.17,0.5,0.0,0.55,0.22, negative
1237,0.4,0.56,0.48,0.14,0.5,0.0,0.47,0.22, negative
1238,0.45,0.27,0.57,0.36,0.5,0.0,0.52,0.18, negative
1239,0.36,0.68,0.38,0.08,0.5,0.0,0.53,0.25, negative
1240,0.27,0.36,0.6,0.33,0.5,0.0,0.37,0.31, negative
1241,0.23,0.2,0.53,0.2,0.5,0.0,0.44,0.22, negative
1242,0.36,0.24,0.49,0.16,0.5,0.0,0.51,0.22, negative
1243,0.38,0.48,0.59,0.22,0.5,0.0,0.46,0.22, negative
1244,0.41,0.24,0.54,0.26,0.5,0.0,0.41,0.22, negative
1245,0.5,0.51,0.52,0.09,0.5,0.0,0.48,0.25, negative
1246,0.46,0.43,0.49,0.79,0.5,0.0,0.49,0.63, negative
1247,0.61,0.3,0.59,0.12,0.5,0.0,0.49,0.27, negative
1248,0.45,0.56,0.54,0.32,0.5,0.0,0.57,0.22, negative
1249,0.71,0.56,0.39,0.27,0.5,0.0,0.52,0.22, negative
1250,0.63,0.61,0.41,0.22,0.5,0.0,0.51,0.22, positive
1251,0.58,0.53,0.38,0.18,0.5,0.0,0.52,0.22, positive
1252,0.32,0.47,0.55,0.12,0.5,0.0,0.52,0.22, negative
1253,0.77,0.8,0.51,0.4,1.0,0.0,0.54,0.22, negative
1254,0.81,0.82,0.41,0.36,0.5,0.0,0.39,0.22, negative
1255,0.69,0.6,0.51,0.13,0.5,0.83,0.52,0.22, negative
1256,0.74,0.72,0.47,0.25,0.5,0.0,0.57,0.22, negative
1257,0.35,0.56,0.36,0.3,0.5,0.0,0.53,0.25, positive
1258,0.51,0.58,0.54,0.29,0.5,0.0,0.53,0.22, negative
1259,0.5,0.5,0.48,0.17,0.5,0.0,0.47,0.26, negative
1260,0.45,0.42,0.52,0.2,0.5,0.0,0.5,0.25, negative
1261,0.42,0.39,0.47,0.13,0.5,0.0,0.5,0.27, negative
1262,0.27,0.51,0.47,0.35,0.5,0.0,0.49,0.28, negative
1263,0.49,0.31,0.34,0.13,0.5,0.0,0.52,0.22, positive
1264,0.49,0.42,0.54,0.17,0.5,0.0,0.5,0.36, negative
1265,0.34,0.66,0.51,0.16,0.5,0.0,0.47,0.33, negative
1266,0.74,0.53,0.5,0.08,0.5,0.0,0.55,0.31, negative
1267,0.69,0.48,0.38,0.15,0.5,0.0,0.55,0.22, negative
1268,0.44,0.51,0.48,0.38,0.5,0.0,0.52,0.22, negative
1269,0.58,0.45,0.48,0.24,0.5,0.0,0.52,0.37, negative
1270,0.38,0.49,0.61,0.13,0.5,0.0,0.54,0.22, negative
1271,0.47,0.49,0.63,0.17,0.5,0.0,0.31,0.26, negative
1272,0.21,0.38,0.49,0.16,0.5,0.0,0.51,0.45, negative
1273,0.57,0.59,0.5,0.58,0.5,0.0,0.53,0.22, negative
1274,0.46,0.45,0.56,0.16,0.5,0.0,0.56,0.22, negative
1275,0.56,0.44,0.56,0.19,0.5,0.0,0.54,0.22, negative
1276,0.61,0.54,0.49,0.16,0.5,0.0,0.54,0.42, negative
1277,0.66,0.62,0.52,0.17,0.5,0.0,0.49,0.22, negative
1278,0.44,0.41,0.58,0.2,0.5,0.0,0.57,0.25, negative
1279,0.43,0.45,0.37,0.12,0.5,0.0,0.48,0.22, positive
1280,0.45,0.57,0.3,0.17,0.5,0.0,0.51,0.22, positive
1281,0.67,0.51,0.53,0.28,0.5,0.0,0.51,0.22, negative
1282,0.35,0.49,0.47,0.22,0.5,0.0,0.5,0.28, negative
1283,0.35,0.53,0.35,0.33,0.5,0.0,0.5,0.32, positive
1284,0.42,0.32,0.61,0.13,0.5,0.0,0.14,0.27, negative
1285,0.5,0.45,0.49,0.3,0.5,0.0,0.47,0.4, negative
1286,0.7,0.73,0.37,0.37,0.5,0.0,0.48,0.31, negative
1287,0.81,0.76,0.32,0.37,0.5,0.0,0.51,0.22, negative
1288,0.85,0.56,0.33,0.38,1.0,0.0,0.55,0.25, negative
1289,0.59,0.53,0.47,0.26,0.5,0.0,0.53,0.31, negative
1290,0.7,0.73,0.38,0.36,0.5,0.0,0.54,0.22, negative
1291,0.48,0.43,0.45,0.17,0.5,0.0,0.48,0.37, positive
1292,0.84,0.87,0.45,0.54,0.5,0.0,0.28,0.22, negative
1293,0.43,0.45,0.54,0.14,0.5,0.0,0.5,0.31, negative
1294,0.77,0.6,0.42,0.33,0.5,0.0,0.57,0.22, negative
1295,0.36,0.44,0.57,0.18,0.5,0.0,0.42,0.22, negative
1296,0.43,0.38,0.51,0.24,0.5,0.0,0.46,0.33, negative
1297,0.46,0.4,0.38,0.18,0.5,0.0,0.49,0.22, positive
1298,0.68,0.5,0.55,0.65,0.5,0.0,0.46,0.31, negative
1299,0.5,0.45,0.48,0.17,0.5,0.0,0.5,0.26, negative
1300,0.44,0.53,0.43,0.17,0.5,0.0,0.54,0.75, negative
1301,0.62,0.64,0.56,0.2,0.5,0.0,0.48,0.33, negative
1302,0.46,0.32,0.58,0.17,0.5,0.0,0.61,0.25, negative
1303,0.5,0.34,0.62,0.19,0.5,0.0,0.57,0.22, negative
1304,0.48,0.51,0.57,0.24,0.5,0.0,0.5,0.22, negative
1305,0.5,0.62,0.54,0.66,0.5,0.0,0.49,0.22, negative
1306,0.7,0.53,0.42,0.22,0.5,0.0,0.51,0.28, negative
1307,0.47,0.6,0.35,0.21,0.5,0.0,0.52,0.22, positive
1308,0.43,0.83,0.55,0.2,0.5,0.0,0.47,0.4, negative
1309,0.79,0.74,0.49,0.33,0.5,0.0,0.48,0.22, negative
1310,0.5,0.49,0.59,0.47,0.5,0.0,0.49,0.36, negative
1311,0.43,0.39,0.59,0.13,0.5,0.0,0.41,0.43, negative
1312,0.41,0.54,0.58,0.2,0.5,0.0,0.52,0.22, negative
1313,0.45,0.38,0.64,0.14,0.5,0.0,0.54,0.22, negative
1314,0.58,0.52,0.61,0.33,0.5,0.0,0.38,0.11, negative
1315,0.64,0.64,0.56,0.21,0.5,0.0,0.5,0.22, negative
1316,0.38,0.54,0.54,0.41,0.5,0.0,0.51,0.22, negative
1317,0.51,0.48,0.51,0.43,0.5,0.0,0.49,0.22, negative
1318,0.53,0.4,0.57,0.12,0.5,0.0,0.53,0.32, negative
1319,0.63,0.6,0.5,0.27,0.5,0.0,0.55,0.22, negative
1320,0.6,0.51,0.52,0.45,0.5,0.0,0.5,0.27, negative
1321,0.53,0.61,0.51,0.49,0.5,0.0,0.54,0.27, negative
1322,0.36,0.44,0.51,0.17,0.5,0.0,0.6,0.19, negative
1323,0.45,0.21,0.49,0.24,0.5,0.0,0.46,0.31, negative
1324,0.29,0.34,0.55,0.24,0.5,0.0,0.51,0.22, negative
1325,0.64,0.76,0.51,0.18,0.5,0.0,0.46,0.22, negative
1326,0.75,0.66,0.64,0.39,0.5,0.0,0.46,0.32, negative
1327,0.39,0.28,0.54,0.14,0.5,0.0,0.59,0.22, negative
1328,0.49,0.27,0.57,0.18,0.5,0.83,0.54,0.22, negative
1329,0.5,0.5,0.54,0.16,0.5,0.0,0.49,0.22, negative
1330,0.45,0.46,0.61,0.2,0.5,0.0,0.62,0.22, negative
1331,0.49,0.45,0.53,0.16,0.5,0.0,0.49,0.31, negative
1332,0.55,0.59,0.52,0.1,0.5,0.0,0.53,0.22, negative
1333,0.33,0.38,0.45,0.19,0.5,0.0,0.54,0.37, negative
1334,0.48,0.45,0.59,0.35,0.5,0.0,0.55,0.3, negative
1335,0.26,0.28,0.6,0.2,0.5,0.0,0.54,0.31, negative
1336,0.46,0.46,0.53,0.23,0.5,0.0,0.51,0.22, negative
1337,0.28,0.36,0.55,0.15,0.5,0.0,0.57,0.22, negative
1338,0.74,0.72,0.5,0.28,0.5,0.0,0.49,0.27, negative
1339,0.53,0.54,0.43,0.18,0.5,0.0,0.53,0.31, negative
1340,0.47,0.54,0.53,0.77,0.5,0.0,0.52,0.36, negative
1341,0.37,0.51,0.39,0.18,0.5,0.0,0.51,0.27, positive
1342,0.49,0.71,0.54,0.13,0.5,0.0,0.58,0.22, negative
1343,0.46,0.37,0.48,0.36,0.5,0.0,0.48,0.22, negative
1344,0.75,0.69,0.48,0.13,0.5,0.0,0.57,0.4, negative
1345,0.69,0.7,0.5,0.3,0.5,0.0,0.54,0.22, negative
1346,0.46,0.62,0.54,0.25,0.5,0.0,0.46,0.22, negative
1347,0.68,0.39,0.5,0.15,0.5,0.0,0.48,0.37, negative
1348,0.48,0.56,0.49,0.32,0.5,0.0,0.5,0.22, negative
1349,0.36,0.33,0.38,0.15,0.5,0.0,0.55,0.36, positive
1350,0.48,0.48,0.56,0.18,0.5,0.0,0.58,0.22, negative
1351,0.61,0.55,0.51,0.26,0.5,0.0,0.52,0.22, negative
1352,0.5,0.62,0.52,0.3,0.5,0.0,0.56,0.22, negative
1353,0.68,0.53,0.44,0.31,0.5,0.0,0.51,0.22, negative
1354,0.61,0.39,0.53,0.14,0.5,0.0,0.43,0.26, negative
1355,0.39,0.16,0.59,0.08,0.5,0.0,0.51,0.27, negative
1356,0.51,0.55,0.56,0.18,0.5,0.0,0.5,0.38, negative
1357,0.31,0.39,0.55,0.28,0.5,0.0,0.46,0.31, negative
1358,0.54,0.53,0.53,0.17,0.5,0.0,0.51,0.39, negative
1359,0.49,0.67,0.5,0.28,0.5,0.0,0.43,0.22, negative
1360,0.44,0.45,0.53,0.19,0.5,0.0,0.41,0.28, negative
1361,0.46,0.41,0.58,0.1,0.5,0.0,0.48,0.22, negative
1362,0.57,0.51,0.58,0.22,0.5,0.0,0.51,0.22, negative
1363,0.37,0.58,0.5,0.22,0.5,0.0,0.47,0.22, negative
1364,0.5,0.36,0.64,0.37,0.5,0.0,0.37,0.33, negative
1365,0.45,0.5,0.57,0.29,0.5,0.0,0.44,0.11, negative
1366,0.61,0.38,0.57,0.36,0.5,0.0,0.44,0.21, negative
1367,0.61,0.38,0.57,0.36,0.5,0.0,0.44,0.21, negative
1368,0.35,0.41,0.53,0.27,0.5,0.0,0.47,0.29, negative
1369,0.34,0.48,0.47,0.19,0.5,0.0,0.5,0.3, negative
1370,0.44,0.5,0.55,0.24,0.5,0.0,0.48,0.22, negative
1371,0.31,0.6,0.65,0.18,0.5,0.0,0.46,0.22, negative
1372,0.38,0.38,0.54,0.24,0.5,0.0,0.54,0.22, negative
1373,0.36,0.56,0.52,0.18,0.5,0.0,0.45,0.16, negative
1374,0.63,0.64,0.45,0.26,0.5,0.0,0.43,0.22, negative
1375,0.63,0.64,0.45,0.26,0.5,0.0,0.43,0.22, negative
1376,0.43,0.33,0.67,0.12,0.5,0.0,0.45,0.23, negative
1377,0.35,0.21,1.0,0.8,0.5,0.0,0.13,0.01, negative
1378,0.56,0.35,0.47,0.41,0.5,0.0,0.5,0.22, negative
1379,0.66,0.6,0.52,0.19,0.5,0.0,0.69,0.22, negative
1380,0.73,0.6,0.47,0.2,0.5,0.0,0.72,0.22, negative
1381,0.78,0.82,0.56,0.21,0.5,0.0,0.69,0.22, negative
1382,0.47,0.56,0.46,0.5,0.5,0.0,0.51,0.22, negative
1383,0.52,0.43,0.61,0.22,0.5,0.0,0.45,0.22, negative
1384,0.41,0.49,0.65,0.28,0.5,0.0,0.59,0.57, negative
1385,0.53,0.57,0.6,0.36,0.5,0.0,0.5,0.22, negative
1386,0.37,0.3,0.62,0.43,0.5,0.0,0.44,0.39, negative
1387,0.41,0.46,0.58,0.08,0.5,0.0,0.51,0.28, negative
1388,0.51,0.4,0.5,0.28,0.5,0.0,0.48,0.27, negative
1389,0.39,0.46,0.33,0.18,0.5,0.0,0.53,0.22, positive
1390,0.46,0.49,0.55,0.18,0.5,0.0,0.56,0.22, negative
1391,0.53,0.51,0.55,0.57,0.5,0.0,0.46,0.22, negative
1392,0.6,0.51,0.49,0.18,0.5,0.0,0.53,0.38, negative
1393,0.85,0.66,0.49,0.18,0.5,0.0,0.51,0.22, negative
1394,0.58,0.56,0.46,0.14,0.5,0.0,0.51,0.22, negative
1395,0.46,0.47,0.44,0.18,1.0,0.0,0.46,0.22, negative
1396,0.54,0.51,0.56,0.15,0.5,0.0,0.54,0.31, negative
1397,0.54,0.44,0.35,0.19,0.5,0.0,0.51,0.27, positive
1398,0.52,0.55,0.39,0.09,1.0,0.0,0.55,0.25, positive
1399,0.47,0.37,0.46,0.28,0.5,0.0,0.52,0.99, negative
1400,0.3,0.33,0.55,0.12,0.5,0.0,0.53,0.38, negative
1401,0.49,0.49,0.52,0.18,0.5,0.0,0.51,0.25, negative
1402,0.56,0.59,0.45,0.15,0.5,0.0,0.54,0.22, negative
1403,0.45,0.65,0.51,0.17,0.5,0.0,0.49,0.22, negative
1404,0.45,0.41,0.53,0.49,0.5,0.0,0.49,0.31, negative
1405,0.33,0.42,0.55,0.23,0.5,0.0,0.52,0.43, negative
1406,0.37,0.47,0.49,0.12,0.5,0.0,0.47,0.31, negative
1407,0.38,0.42,0.31,0.35,0.5,0.0,0.52,0.22, positive
1408,0.4,0.75,0.44,0.12,0.5,0.0,0.49,0.22, negative
1409,0.6,0.64,0.56,0.36,0.5,0.0,0.46,0.27, negative
1410,0.55,0.4,0.62,0.22,0.5,0.0,0.37,0.28, negative
1411,0.55,0.57,0.51,0.07,0.5,0.0,0.55,0.22, negative
1412,0.36,0.32,0.55,0.27,0.5,0.0,0.47,0.43, negative
1413,0.66,0.65,0.54,0.4,0.5,0.0,0.51,0.22, negative
1414,0.49,0.6,0.54,0.35,0.5,0.0,0.53,0.46, negative
1415,0.49,0.48,0.51,0.21,0.5,0.0,0.53,0.22, negative
1416,0.51,0.48,0.51,0.19,0.5,0.0,0.51,0.27, negative
1417,0.6,0.46,0.51,0.1,0.5,0.0,0.48,0.31, negative
1418,0.6,0.46,0.51,0.1,0.5,0.0,0.48,0.31, negative
1419,0.45,0.45,0.51,0.3,0.5,0.0,0.48,0.44, negative
1420,0.41,0.42,0.23,0.16,0.5,0.0,0.4,0.22, positive
1421,0.49,0.31,0.43,0.24,0.5,0.0,0.54,0.22, positive
1422,0.46,0.41,0.43,0.18,0.5,0.0,0.54,0.22, positive
1423,0.83,0.81,0.45,0.38,0.5,0.0,0.4,0.26, negative
1424,0.38,0.51,0.56,0.21,0.5,0.0,0.48,0.31, negative
1425,0.32,0.36,0.28,0.38,0.5,0.0,0.5,0.4, positive
1426,0.44,0.4,0.53,0.19,0.5,0.0,0.48,0.27, negative
1427,0.36,0.5,0.39,0.23,0.5,0.0,0.5,0.22, positive
1428,0.58,0.64,0.42,0.3,0.5,0.0,0.54,0.22, negative
1429,0.74,0.82,0.46,0.24,0.5,0.0,0.48,0.22, negative
1430,0.39,0.39,0.65,0.16,0.5,0.0,0.45,0.22, negative
1431,0.41,0.35,0.6,0.22,0.5,0.0,0.56,0.79, negative
1432,0.31,0.51,0.38,0.18,0.5,0.0,0.46,0.31, positive
1433,0.63,0.64,0.49,0.2,0.5,0.0,0.52,0.25, negative
1434,0.63,0.43,0.48,0.11,0.5,0.0,0.51,0.22, negative
1435,0.77,0.7,0.44,0.29,0.5,0.0,0.56,0.22, negative
1436,0.58,0.55,0.51,0.13,0.5,0.0,0.52,0.22, negative
1437,0.53,0.51,0.54,0.21,0.5,0.0,0.45,0.22, negative
1438,0.39,0.45,0.75,0.17,0.5,0.0,0.51,0.22, negative
1439,0.62,0.6,0.54,0.22,0.5,0.0,0.54,0.27, negative
1440,0.45,0.76,0.51,0.25,0.5,0.0,0.59,0.22, negative
1441,0.48,0.44,0.51,0.24,0.5,0.0,0.49,0.22, negative
1442,0.79,0.56,0.53,0.19,0.5,0.0,0.47,0.35, negative
1443,0.79,0.62,0.35,0.35,0.5,0.0,0.6,0.28, negative
1444,0.66,0.54,0.53,0.17,0.5,0.0,0.54,0.22, negative
1445,0.5,0.46,0.49,0.27,0.5,0.0,0.6,0.22, negative
1446,0.19,0.41,0.55,0.13,0.5,0.0,0.52,0.25, negative
1447,0.42,0.51,0.33,0.16,0.5,0.0,0.54,0.22, positive
1448,0.56,0.49,0.47,0.13,0.5,0.0,0.52,0.22, negative
1449,0.54,0.35,0.55,0.19,0.5,0.0,0.3,0.22, negative
1450,0.36,0.51,0.51,0.17,0.5,0.0,0.52,0.22, negative
1451,0.68,0.68,0.35,0.16,0.5,0.0,0.62,0.22, negative
1452,0.73,0.59,0.35,0.15,0.5,0.0,0.54,0.22, negative
1453,0.64,0.61,0.56,0.15,0.5,0.0,0.54,0.22, negative
1454,0.65,0.58,0.53,0.21,0.5,0.0,0.51,0.22, negative
1455,0.48,0.49,0.49,0.26,0.5,0.0,0.39,0.27, negative
1456,0.41,0.48,0.51,0.2,0.5,0.0,0.51,0.22, negative
1457,0.4,0.45,0.45,0.15,0.5,0.0,0.53,0.48, negative
1458,0.5,0.47,0.56,0.31,0.5,0.0,0.56,0.26, negative
1459,0.71,0.79,0.41,0.38,0.5,0.0,0.54,0.22, negative
1460,0.47,0.41,0.46,0.18,0.5,0.0,0.53,0.22, positive
1461,0.59,0.56,0.5,0.48,0.5,0.0,0.46,0.22, negative
1462,0.32,0.3,0.57,0.38,0.5,0.0,0.5,0.25, negative
1463,0.54,0.44,0.38,0.22,0.5,0.0,0.54,0.3, positive
1464,0.8,0.82,0.4,0.31,0.5,0.0,0.57,0.25, negative
1465,0.43,0.6,0.4,0.12,0.5,0.0,0.49,0.29, positive
1466,0.56,0.71,0.47,0.21,0.5,0.0,0.52,0.22, negative
1467,0.65,0.62,0.26,0.33,0.5,0.0,0.55,0.22, positive
1468,0.42,0.71,0.45,0.15,0.5,0.0,0.48,0.22, positive
1469,0.38,0.37,0.36,0.14,0.5,0.0,0.54,0.22, positive
1470,0.61,0.76,0.3,0.16,0.5,0.0,0.45,0.41, positive
1471,0.33,0.38,0.47,0.14,0.5,0.0,0.51,0.47, negative
1472,0.38,0.67,0.33,0.17,0.5,0.0,0.51,0.22, positive
1473,0.51,0.46,0.41,0.36,0.5,0.0,0.49,0.22, positive
1474,0.82,0.63,0.47,0.18,0.5,0.0,0.5,0.22, negative
1475,0.77,0.68,0.35,0.19,0.5,0.0,0.53,0.43, negative
1476,0.47,0.5,0.6,0.63,0.5,0.0,0.38,0.16, negative
1477,0.36,0.48,0.61,0.26,0.5,0.0,0.5,0.16, negative
1478,0.57,0.59,0.49,0.86,0.5,0.0,0.47,0.22, negative
1479,0.77,0.74,0.37,0.29,0.5,0.0,0.45,0.22, negative
1480,0.74,0.75,0.45,0.44,0.5,0.0,0.52,0.22, negative
1481,0.32,0.29,0.29,0.08,0.5,0.0,0.52,0.22, positive
1482,0.38,0.48,0.57,0.3,0.5,0.0,0.41,0.11, negative
1483,0.43,0.4,0.6,0.16,0.5,0.0,0.53,0.39, negative
